"Instituto Nacional de Estadística y Geografía",
"Índice Nacional de Precios al Consumidor y sus Componentes",

"Título"," Índice Nacional de Precios al Consumidor. Base segunda quincena Julio 2018. Actualización de Canasta y Ponderadores 2024 (mensual), Resumen, Principales índices, Precios al Consumidor (INPC)"," Índice Nacional de Precios al Consumidor. Base segunda quincena Julio 2018. Actualización de Canasta y Ponderadores 2024 (mensual), Resumen, Principales índices, Precios al Consumidor (INPC), Subyacente"," Índice Nacional de Precios al Consumidor. Base segunda quincena Julio 2018. Actualización de Canasta y Ponderadores 2024 (mensual), Resumen, Subíndices subyacente y complementarios, Precios al Consumidor (INPC), Subyacente, Mercancías"," Índice Nacional de Precios al Consumidor. Base segunda quincena Julio 2018. Actualización de Canasta y Ponderadores 2024 (mensual), Resumen, Subíndices subyacente y complementarios, Precios al Consumidor (INPC), Subyacente, Mercancías, Alimentos, bebidas y tabaco"," Índice Nacional de Precios al Consumidor. Base segunda quincena Julio 2018. Actualización de Canasta y Ponderadores 2024 (mensual), Resumen, Subíndices subyacente y complementarios, Precios al Consumidor (INPC), Subyacente, Mercancías, Mercancías no alimenticias"," Índice Nacional de Precios al Consumidor. Base segunda quincena Julio 2018. Actualización de Canasta y Ponderadores 2024 (mensual), Resumen, Subíndices subyacente y complementarios, Precios al Consumidor (INPC), Subyacente, Servicios"," Índice Nacional de Precios al Consumidor. Base segunda quincena Julio 2018. Actualización de Canasta y Ponderadores 2024 (mensual), Resumen, Subíndices subyacente y complementarios, Precios al Consumidor (INPC), Subyacente, Servicios, Vivienda"," Índice Nacional de Precios al Consumidor. Base segunda quincena Julio 2018. Actualización de Canasta y Ponderadores 2024 (mensual), Resumen, Subíndices subyacente y complementarios, Precios al Consumidor (INPC), Subyacente, Servicios, Educación (colegiaturas)"," Índice Nacional de Precios al Consumidor. Base segunda quincena Julio 2018. Actualización de Canasta y Ponderadores 2024 (mensual), Resumen, Subíndices subyacente y complementarios, Precios al Consumidor (INPC), Subyacente, Servicios, Otros servicios"," Índice Nacional de Precios al Consumidor. Base segunda quincena Julio 2018. Actualización de Canasta y Ponderadores 2024 (mensual), Resumen, Subíndices subyacente y complementarios, Precios al Consumidor (INPC), No subyacente"," Índice Nacional de Precios al Consumidor. Base segunda quincena Julio 2018. Actualización de Canasta y Ponderadores 2024 (mensual), Resumen, Subíndices subyacente y complementarios, Precios al Consumidor (INPC), No subyacente, Agropecuarios"," Índice Nacional de Precios al Consumidor. Base segunda quincena Julio 2018. Actualización de Canasta y Ponderadores 2024 (mensual), Resumen, Subíndices subyacente y complementarios, Precios al Consumidor (INPC), No subyacente, Agropecuarios, Frutas y verduras"," Índice Nacional de Precios al Consumidor. Base segunda quincena Julio 2018. Actualización de Canasta y Ponderadores 2024 (mensual), Resumen, Subíndices subyacente y complementarios, Precios al Consumidor (INPC), No subyacente, Agropecuarios, Pecuarios"," Índice Nacional de Precios al Consumidor. Base segunda quincena Julio 2018. Actualización de Canasta y Ponderadores 2024 (mensual), Resumen, Subíndices subyacente y complementarios, Precios al Consumidor (INPC), No subyacente, Energéticos y tarifas autorizadas por el gobierno"," Índice Nacional de Precios al Consumidor. Base segunda quincena Julio 2018. Actualización de Canasta y Ponderadores 2024 (mensual), Resumen, Subíndices subyacente y complementarios, Precios al Consumidor (INPC), No subyacente, Energéticos y tarifas autorizadas por el gobierno, Energéticos"," Índice Nacional de Precios al Consumidor. Base segunda quincena Julio 2018. Actualización de Canasta y Ponderadores 2024 (mensual), Resumen, Subíndices subyacente y complementarios, Precios al Consumidor (INPC), No subyacente, Energéticos y tarifas autorizadas por el gobierno, Tarifas autorizadas por el gobierno",
"Periodo disponible","Ene 1970-Jun 2025","Ene 1982-Jun 2025","Ene 1982-Jun 2025","Ene 1982-Jun 2025","Ene 1982-Jun 2025","Ene 1982-Jun 2025","Ene 1982-Jun 2025","Ene 1982-Jun 2025","Ene 1982-Jun 2025","Ene 1982-Jun 2025","Ene 1982-Jun 2025","Ene 1982-Jun 2025","Ene 1982-Jun 2025","Ene 1982-Jun 2025","Ene 1982-Jun 2025","Ene 1982-Jun 2025",
"Periodicidad","Mensual","Mensual","Mensual","Mensual","Mensual","Mensual","Mensual","Mensual","Mensual","Mensual","Mensual","Mensual","Mensual","Mensual","Mensual","Mensual",
"Cifra","Índices","Índices","Índices","Índices","Índices","Índices","Índices","Índices","Índices","Índices","Índices","Índices","Índices","Índices","Índices","Índices",
"Unidad","Sin Unidad","Sin Unidad","Sin Unidad","Sin Unidad","Sin Unidad","Sin Unidad","Sin Unidad","Sin Unidad","Sin Unidad","Sin Unidad","Sin Unidad","Sin Unidad","Sin Unidad","Sin Unidad","Sin Unidad","Sin Unidad",
"Base","Índice base segunda quincena de julio 2018 = 100","Índice base segunda quincena de julio 2018 = 100","Índice base segunda quincena de julio 2018 = 100","Índice base segunda quincena de julio 2018 = 100","Índice base segunda quincena de julio 2018 = 100","Índice base segunda quincena de julio 2018 = 100","Índice base segunda quincena de julio 2018 = 100","Índice base segunda quincena de julio 2018 = 100","Índice base segunda quincena de julio 2018 = 100","Índice base segunda quincena de julio 2018 = 100","Índice base segunda quincena de julio 2018 = 100","Índice base segunda quincena de julio 2018 = 100","Índice base segunda quincena de julio 2018 = 100","Índice base segunda quincena de julio 2018 = 100","Índice base segunda quincena de julio 2018 = 100","Índice base segunda quincena de julio 2018 = 100",
"Aviso","Las desagregaciones del INPC solo tienen valor informativo.Las desagregaciones del INPC solo tienen valor informativo.
  ","Las desagregaciones del INPC solo tienen valor informativo.Las desagregaciones del INPC solo tienen valor informativo.
  ","Las desagregaciones del INPC solo tienen valor informativo.Las desagregaciones del INPC solo tienen valor informativo.
  ","Las desagregaciones del INPC solo tienen valor informativo.Las desagregaciones del INPC solo tienen valor informativo.
  ","Las desagregaciones del INPC solo tienen valor informativo.Las desagregaciones del INPC solo tienen valor informativo.
  ","Las desagregaciones del INPC solo tienen valor informativo.Las desagregaciones del INPC solo tienen valor informativo.
  ","Las desagregaciones del INPC solo tienen valor informativo.Las desagregaciones del INPC solo tienen valor informativo.
  ","Las desagregaciones del INPC solo tienen valor informativo.Las desagregaciones del INPC solo tienen valor informativo.
  ","Las desagregaciones del INPC solo tienen valor informativo.Las desagregaciones del INPC solo tienen valor informativo.
  ","Las desagregaciones del INPC solo tienen valor informativo.Las desagregaciones del INPC solo tienen valor informativo.
  ","Las desagregaciones del INPC solo tienen valor informativo.Las desagregaciones del INPC solo tienen valor informativo.
  ","Las desagregaciones del INPC solo tienen valor informativo.Las desagregaciones del INPC solo tienen valor informativo.
  ","Las desagregaciones del INPC solo tienen valor informativo.Las desagregaciones del INPC solo tienen valor informativo.
  ","Las desagregaciones del INPC solo tienen valor informativo.Las desagregaciones del INPC solo tienen valor informativo.
  ","Las desagregaciones del INPC solo tienen valor informativo.Las desagregaciones del INPC solo tienen valor informativo.
  ","Las desagregaciones del INPC solo tienen valor informativo.Las desagregaciones del INPC solo tienen valor informativo.
  ",
"Tipo de información","Índices","Índices","Índices","Índices","Índices","Índices","Índices","Índices","Índices","Índices","Índices","Índices","Índices","Índices","Índices","Índices",
"Fecha"," 865541 "," 865542 "," 865548 "," 865549 "," 865550 "," 865551 "," 865552 "," 865553 "," 865554 "," 865555 "," 865556 "," 865557 "," 865558 "," 865559 "," 865560 "," 865561 ",
"Ene 2000","44.9308301163779","48.9691697255271","48.1345599597708","37.8698116976703","57.8496114152748","49.169591401813","54.8310370935216","31.9017640995013","50.0939030195949","33.9971982665694","35.6566763175674","35.9320802491539","35.4498518262853","32.6529549092667","29.2249480457054","39.5753233526902",
"Feb 2000","45.3293803145216","49.5079682394766","48.6513939607312","38.3165382409375","58.4223788581093","49.7262074273778","55.3923639818431","32.1927720922516","50.7331919027562","34.0895986607142","35.2411414772719","34.3094875657959","35.8031382480412","33.1497963683291","29.5829113357592","40.3228479965286",
"Mar 2000","45.5806807820354","49.8281706794952","49.0001637703807","38.5972661576019","58.8339013707373","50.0061597937271","55.7086537636331","32.2086728206724","51.0664962392493","34.1869195900624","35.0229790725238","33.4633936462459","35.9849311798075","33.4982927832511","30.00261627259","40.56454375392",
"Abr 2000","45.8400182716419","50.089983176182","49.2352865464437","38.7727766362252","59.1279048455432","50.2961943080097","56.0592942738615","32.2179127677698","51.3945717446065","34.425074961972","35.343854202787","34.4876301166996","35.8577390517185","33.6704139414152","30.1938125276967","40.7108934771794",
"May 2000","46.0113790737289","50.3090967141156","49.461958027659","38.9097480815801","59.4502181915903","50.50241115863","56.3628265483738","32.3503147143454","51.5426681465588","34.4898509920788","35.8702791338219","35.38246957014","36.1491537616945","33.3675049020586","29.6144628673454","40.860429526216",
"Jun 2000","46.2839202410061","50.4779762037959","49.5719074614233","38.9470358115467","59.6417236613761","50.7404479818069","56.6466478902185","32.4387948680725","51.7901105024244","34.9529186563954","36.633334028517","37.1857164559507","36.2493129559366","33.5913636514133","29.9647692621568","40.880407315672",
"Jul 2000","46.4644662097181","50.6457675982857","49.6812010019921","39.0041727818568","59.8078755119016","50.9768869823101","56.8493767833906","32.499085407052","52.1116749858251","35.1473764727819","36.7373254534444","37.5235680484475","36.2043291625606","33.8577361104976","30.3616002123768","40.9377077537434",
"Ago 2000","46.7197851882783","50.8574684742614","49.8766581772174","39.1170258665441","60.0921444409328","51.2048884076959","57.0025897040397","32.9223402263153","52.3440311363897","35.4741871425453","36.9441112831473","38.2406685263612","36.0860486183709","34.2799124545921","30.9196079999621","41.1474197269283",
"Sep 2000","47.0610716040147","51.2492086120412","50.0491204407225","39.2856838520795","60.259641089681","51.857920213989","57.1717217074969","36.3963950387273","52.5345982457911","35.6927461995929","36.9162056236878","38.3576370158432","35.965935774496","34.6946019486837","31.5049477651541","41.2910131587677",
"Oct 2000","47.3851358258534","51.5171625245211","50.225221222235","39.4285490282808","60.46607585438","52.2335892918524","57.4216705601479","36.4279035609602","53.126755938667","36.1087304265208","37.2064722932459","39.3627345481733","35.8008603301016","35.2104258250677","32.2910809474404","41.3723402902375",
"Nov 2000","47.7902878628328","51.8446523294999","50.5328691829826","39.6247015468371","60.8911699892097","52.5798380718648","57.6660844142412","36.4279035609602","53.6696621032188","36.6440378521809","37.2165129489036","39.1524499970842","35.95115866949","36.1636809720028","33.7993859252086","41.4295884401001",
"Dic 2000","48.307671180741","52.1366898999985","50.7638478371252","39.756227663888","61.2293157226515","52.9415734467752","57.9480493888211","36.4279035609602","54.214262308574","37.5800541602301","38.8773696702184","42.7547513285575","36.3745585275489","36.5218337620582","34.3136900055773","41.5389107808201",
"Ene 2001","48.5754762479341","52.5242231191966","51.1543915266277","40.1964688546821","61.5382761427192","53.3189477117993","58.412072538192","36.7083352925515","54.5510007738192","37.5911335646972","38.398598015584","40.8884141606083","36.7795813356257","36.9230068701862","34.7340355853165","41.9224019307871",
"Feb 2001","48.5433281595649","52.9203468444898","51.5415434441753","40.5889470181974","61.8975549723128","53.7194049264174","58.7978556704599","36.9164674309235","55.0266488056669","36.702649113034","35.9058044232533","34.7386981553001","36.6171111578152","37.3127338693688","35.0859276527209","42.3895881258923",
"Mar 2001","48.8508877817244","53.237142751616","51.7891934226024","40.8630518197442","62.0995742416453","54.1153626719485","59.1174001072773","36.9192694078588","55.6126469045862","36.9722229662545","36.4173183486104","35.6051284271199","36.9022214317583","37.3894547751414","35.0110937086831","42.7231035145975",
"Abr 2001","49.0973086323825","53.4935971376934","52.0264192693608","41.1523878026855","62.2608004774071","54.3910150021041","59.3991579727407","36.9213441955438","55.9702382434609","37.1829002585231","37.1652372942304","36.5350820686812","37.5335902902135","37.1721500664712","34.5227870358479","42.9522121383967",
"May 2001","49.2099704636254","53.6865317946297","52.1829141083254","41.365126047357","62.3407825301863","54.6252332576825","59.6331282558558","37.034854643804","56.2439195841494","37.127908414276","37.5682710383621","36.8788491970612","37.9739992158925","36.7524385731775","33.408856414719","43.6810011763273",
"Jun 2001","49.3263637671915","53.8588510589044","52.3361387837728","41.4719760008087","62.5414574305847","54.8179940576529","59.8445165214378","37.1384240407615","56.4500198590459","37.1247755260407","37.4949406160527","36.7378576434752","37.9438089481607","36.8052107582735","33.4087590434055","43.8242925913224",
"Jul 2001","49.1982019640303","53.9419219820456","52.2941119439796","41.4807054771017","62.4405347181346","55.0524801091235","60.0897646810471","37.1762365425503","56.738266065252","36.5815895861481","37.1625759503392","36.2304522355821","37.7231747509744","36.0944962943676","32.2023973729866","43.9187554834286",
"Ago 2001","49.4896875471858","54.1217831794574","52.3870252267687","41.5090218568004","62.6062197807196","55.3355382461097","60.3136134489797","37.5822789063872","57.0353444666563","37.0780166326294","38.6434720474807","39.3306678856776","38.1718487446814","35.8065935955158","31.7040620282442","43.9731985909226",
"Sep 2001","49.9503811497724","54.5314054452267","52.5029157993888","41.5964236960407","62.7500541506483","56.0970970151889","60.6040553488619","41.5130763721022","57.2160224218866","37.6122177152878","39.365461080147","40.6246505580528","38.5290494093794","36.1908900645577","32.3207458581739","43.9818226753795",
"Oct 2001","50.1761353677535","54.6688532611504","52.6044263896541","41.7740366941011","62.7541434291574","56.2761425729858","60.8520752388695","41.5333334345981","57.3872416257266","38.0004267677353","39.8233956688706","41.4338022792336","38.7629827153941","36.5233129217918","32.8135829700466","44.0573426271529",
"Nov 2001","50.3651489088722","54.7995072446843","52.6980813051513","41.8755076125942","62.8331818685745","56.449804949523","61.0420529215744","41.5338876358718","57.6021796007915","38.294273544363","39.4934284933035","40.796944488489","38.6286840233625","37.3137482735859","34.0876402427722","44.0656292574092",
"Dic 2001","50.434898785093","54.9307596159811","52.7463639861187","41.91232303956","62.8926219026556","56.6802079463944","61.2393183884644","41.5338876358718","57.934060786015","38.2364229291389","39.4035518348056","40.2003985452691","38.8614497185049","37.2814407448227","33.8809419794927","44.3244645474047",
"Ene 2002","50.9004720097159","55.2047650335371","52.8537365193623","42.1694201922375","62.8134424912331","57.1531693610405","61.6266431886423","41.7320131662486","58.5686284388354","39.0567061902744","40.4827989317698","42.9163752561241","38.8977456198661","37.8949463478773","33.593220456342","46.4706758903217",
"Feb 2002","50.8677498490805","55.5953163513728","53.1386813630916","42.4483868159493","63.089812431234","57.6661847773663","62.1973855811848","41.8791387597618","59.150217934416","38.1778489424555","37.4255476375818","35.3309545793795","38.7259818631398","38.7514762588347","34.7402609367257","46.8711240622804",
"Mar 2002","51.1279484444964","55.8216580550316","53.2794105331082","42.693525522496","63.0968024419441","57.993314864211","62.5303894232087","41.9426368151859","59.5567609747585","38.4894149433189","37.4540363872417","35.625617523871","38.58498986705","39.2882676280387","35.4825659806307","47.0827820151662",
"Abr 2002","51.4072349725615","56.0207118684115","53.3911382581677","42.8309320191735","63.1713657071746","58.2957065413106","62.8655707488201","41.9502077360679","59.92525162571","38.9116788352763","38.0233789123951","37.3306767983073","38.4307934600234","39.5931211613477","35.8181607978303","47.3470920312281",
"May 2002","51.5114292313976","56.1243178142475","53.4241848524512","42.9193307375558","63.1358136943903","58.4837665226902","63.1716911570134","41.9617034492594","60.06942846425","39.0105586545595","38.3827641654807","38.722976915061","38.1322724124991","39.4844771199578","35.5134083251158","47.5632427649814",
"Jun 2002","51.7625861769592","56.1952911714661","53.3919039946999","42.8876995988308","63.1045374934587","58.6796758687068","63.4795126962404","42.0244805727919","60.2132140147895","39.6069131858833","39.4260035041906","41.4483520379235","38.1036852397767","39.7245494321233","35.8384249770656","47.6695844879297",
"Jul 2002","51.9111813533618","56.2708283783629","53.3465690935088","42.8703878559483","63.0277694666944","58.8819107416482","63.7482636292584","42.064057049872","60.4153957460783","39.9228849448036","40.3096069270325","43.5763417030855","38.2099851747985","39.663774053317","35.7104489236761","47.7399193660499",
"Ago 2002","52.1085603012643","56.4604126613967","53.4407646641606","42.9390502990165","63.1458263793855","59.1638083975297","64.0182512753475","42.6061280307039","60.60089819334","40.1397067216967","40.5669103394018","43.6178974981264","38.5996055491625","39.8553542586487","35.9622714525079","47.8138128670366",
"Sep 2002","52.4219835649941","56.8322164565138","53.4803289147656","43.0121505487709","63.152838955282","59.8583919515173","64.2844502158302","45.7042462422055","60.7170892689695","40.2947481850623","40.3037143573248","43.0199333182307","38.5431621207674","40.2700423364323","36.4997943583814","47.9886989189703",
"Oct 2002","52.6530360866857","56.9647475702841","53.6411943070869","43.2652175599892","63.2238224915913","59.962683045704","64.5286733440985","45.7056466056429","60.7346476865425","40.7856359980346","40.3361903643758","42.9122669437087","38.6618796585035","41.045365039745","37.6411009134773","48.046425319412",
"Nov 2002","53.0788772813736","57.0745568777273","53.7180737162689","43.3989012250315","63.245491734805","60.104168142178","64.7536669645615","45.7056466056429","60.8551991264853","42.0431860664628","41.3517629452021","45.74582503478","38.5555658296919","42.452582853644","39.7218428426175","48.132910147052",
"Dic 2002","53.3099298030651","57.1933337198778","53.7760013698725","43.4927192387341","63.2684668193814","60.2818417625306","64.9335312162145","45.7056466056429","61.0992646415323","42.5697860513206","42.8108471921644","49.1371241079724","38.8214464150484","42.3998715705631","39.586397696471","48.2432462746886",
"Ene 2003","53.5254406753155","57.4478139644957","53.9217173683208","43.7930162148048","63.2644109173116","60.6414134812025","65.2554400651051","45.8718148896729","61.5650990822224","42.6799649548489","42.108074840816","46.5735799331925","39.2662317422445","43.0148307847098","40.3178046599867","48.6323720785025",
"Feb 2003","53.6741224549695","57.7328882268372","54.1568708812872","44.0785087823338","63.4493988323711","60.9739927664258","65.6216105824396","46.166016346512","61.8783101551616","42.4661623638547","41.2768847106414","43.4392645561914","39.8553192646819","43.184519753392","40.4759359630182","48.8260351135523",
"Mar 2003","54.0129304127862","57.9674639718191","54.3613710233952","44.3289000084952","63.6082392872051","61.2369161614825","65.93007476653","46.2395997245195","62.1720311473023","43.0785377809015","42.4813552136229","45.920586335645","40.270771181036","43.4289206344005","40.8111071982433","48.8928118816546",
"Abr 2003","54.1051441994704","58.1638072572365","54.4539830928378","44.4623829905628","63.6608506815936","61.5336889682569","66.1500092696215","46.3108205176543","62.6240299172506","42.8941257401447","42.1077613976299","44.415369267598","40.5949443947765","43.3620757140678","40.6607874767327","48.990382221994",
"May 2003","53.9305596707487","58.3181026264175","54.5663840378239","44.5895418619266","63.7582221030978","61.7282199404721","66.3580762824223","46.3291781793159","62.873896646203","41.8504482286231","41.9049044454023","44.2401564723634","40.3755029308643","41.7967547509737","38.2521302355724","49.0801134449166",
"Jun 2003","53.9751123991466","58.3815868586032","54.5455882680876","44.6323474976152","63.6764027003506","61.8737182426839","66.5667848371859","46.3590782690998","63.0064340434887","41.8451875698944","41.8285543331514","44.1372408722987","40.315680278645","41.8356422617477","38.2953269045446","49.1107530147639",
"Jul 2003","54.0533387013335","58.4608106171407","54.4907779197934","44.6277809430223","63.5736697141767","62.0834668018481","66.7203304651478","46.4148850054654","63.3254265620914","41.9199303398624","42.0063961980673","45.1753144878793","39.9633279558846","41.8463262684752","38.2817541948355","49.1694175344951",
"Ago 2003","54.2154899105024","58.6701366950025","54.60415792973","44.6871230076284","63.7381873950976","62.3855648014577","66.9306391518034","47.4118667296821","63.4300535163548","41.9548316483781","41.8082597698688","44.454631385953","40.08745329331","42.0259245404651","38.5154373402063","49.2434093920325",
"Sep 2003","54.5382381638973","58.9513601061563","54.6897053837676","44.7536273084184","63.8414176757071","62.8566226984551","67.1323160932704","49.619053950693","63.4475710241258","42.3844881491983","42.5093552598725","45.7564437895025","40.4170488573071","42.2868167354728","38.8622480112606","49.3363716630234",
"Oct 2003","54.7382073867067","59.0778892966486","54.8228147399128","44.9550562272859","63.907823155701","62.9761782303286","67.335270403746","49.6160853192846","63.5390342497783","42.777760280822","42.9190542564781","46.2249952661755","40.7896101366977","42.6697012066395","39.4049284720784","49.4062388865657",
"Nov 2003","55.1925416053699","59.2331002044311","55.0173634349389","45.2360152387383","64.0178107176739","63.092307102488","67.4804763709454","49.6325001556377","63.6670745164591","44.0202127478758","43.472109350728","46.6348625478118","41.4296501246145","44.3396707946479","41.8701440874277","49.516844470243",
"Dic 2003","55.4298107868381","59.4044609340004","55.1806648071222","45.5354156097112","64.0489874559065","63.2707934535776","67.6114355767555","49.6330493306088","63.9569239040006","44.4301932196798","44.3739651399881","47.9753493671047","42.0593962560523","44.4440080675653","42.0069974535892","49.5576660502597",
"Ene 2004","55.7743173494501","59.6330969732103","55.4120684744434","45.9645087925109","64.0885175611575","63.4957353715566","67.8373896310318","49.7576487320171","64.2179483084899","45.0770649594588","45.0978921500309","47.5005964911981","43.5200025856252","45.0427222083215","42.2211534951946","50.9199498631838",
"Feb 2004","56.1079447574531","59.9018489267187","55.6921138584329","46.3473041695048","64.2676504226066","63.7522947349581","68.1494772725069","49.9628555195814","64.4414852915056","45.5798873712609","45.5190710647716","47.0624977667269","44.4694851618324","45.5960054180472","42.5771544801841","51.866615939405",
"Mar 2004","56.2980709356166","60.1215211652957","55.8710994709539","46.5981189425564","64.3762159223756","64.0107396891143","68.564679625704","50.0306495639848","64.6309197067521","45.6908481426627","45.2248714211942","44.9325184931127","45.3065621113645","45.9585130794742","42.9161546805001","52.2780025627008",
"Abr 2004","56.3830319525618","60.3195487296494","55.9985709743895","46.7966056909034","64.434432414325","64.2767978447973","68.917458664993","50.1347462548135","64.8796739268479","45.4744435809905","44.365126550979","43.2379490356127","44.9628466056417","46.1417176360874","42.8398888729405","52.9749131614612",
"May 2004","56.2416029426468","60.4587426336817","56.153229987791","47.0123688367906","64.5291681611772","64.4002880498162","69.1585592562976","50.2054682272624","64.9163933800521","44.59259864411","43.9645942343046","42.8395585676294","44.561866324952","44.9614023588697","41.0095513304186","53.0704473023973",
"Jun 2004","56.3317445094056","60.619554364922","56.3212542982092","47.2341044229542","64.6442812007433","64.5533599222273","69.3180306237571","50.2748331597605","65.0949998800778","44.4950695406348","43.1842369654891","40.781270444341","44.5702700761789","45.2879473923826","41.4938248659175","53.0876776417613",
"Jul 2004","56.4793901790965","60.725137445639","56.4108094253594","47.4097868712571","64.6503263861223","64.6741343718971","69.4696680252507","50.4060345025092","65.1822025703289","44.7533965936587","43.4623262933472","41.2112023727435","44.7542363411069","45.5338796269478","41.7924763956562","53.2311489559217",
"Ago 2004","56.8280411815599","60.8938962882527","56.5841452943818","47.6199041673006","64.7869963266533","64.8376921860802","69.5899820165875","50.9623323259973","65.2264515886247","45.5736640711999","45.1451126560375","43.7967081069192","45.8773875253398","45.8181439970152","42.185400453845","53.3027263061146",
"Sep 2004","57.2979170496642","61.2424531614599","56.7808342042539","47.877852253725","64.9233009990953","65.3330181065821","69.770344919502","53.3453720989439","65.2487701799061","46.3607556357335","46.7572540498217","47.605582393127","46.1330785526685","46.0925160292413","42.5703036059166","53.3606482724841",
"Oct 2004","57.6947471653946","61.4183467195315","57.0207326202323","48.2150669112079","65.0678114551925","65.4456554213147","69.8750000008708","53.3458627345142","65.4117604557607","47.3383572672368","48.4644681899792","51.8435053815224","46.2779433821366","46.6165730338634","43.3092249558908","53.4638794345259",
"Nov 2004","58.1868993976974","61.5642122249706","57.1730654583456","48.4206162144314","65.1678253983734","65.5845735522525","70.004448832066","53.3482759354568","65.6117219981327","48.7439639659198","49.3033911901668","53.5201352940884","46.5991071137568","48.3734156851201","45.9159096203553","53.5541153846584",
"Dic 2004","58.3070881533761","61.7359290016225","57.3207755460131","48.7423030361072","65.1470920963187","65.7789850929322","70.1113343208416","53.3541455405265","65.9576125941549","48.7265271041468","48.8592037007944","51.0604001805053","47.3972395994782","48.6209939475656","46.2154919603275","53.7006564446359",
"Ene 2005","58.3091603733014","61.9672096275355","57.5126360383218","48.9954610049472","65.2785673360033","66.0477514950186","70.2986057316707","53.6438438857848","66.2881271393281","48.1207960790682","46.6708333737214","44.7716564102996","47.7390044618845","48.9983499860532","46.4649212569157","54.3332253861558",
"Feb 2005","58.5034309913156","62.2078044720434","57.7394910121947","49.2128982505747","65.5127980777119","66.3007179633222","70.5621709466816","53.7558587399362","66.5843126023384","48.1911466053665","46.9109809598635","44.903224480491","48.0455026574952","48.9632252465251","46.2741819929068","54.6052100771498",
"Mar 2005","58.7671209768338","62.3851861438595","57.8926052356295","49.3496639436381","65.6805018827541","66.5010244247373","70.6625082159368","53.8077479875509","66.9312927680701","48.6809266762431","47.816377282289","47.022987805741","48.2010142782892","49.1946801613991","46.5185519493329","54.812721702433",
"Abr 2005","58.9764151893082","62.5037856735687","58.0160729277161","49.4488024330209","65.8264556878569","66.6143562650778","70.7852529308328","53.8503538597289","67.0627912007387","49.1290980386815","49.3908621183707","51.6590372948773","47.8864901837224","48.9432119732098","46.002013714501","55.0830809100452",
"May 2005","58.8282514646358","62.6247920798179","58.1573489645078","49.5959761342721","65.9610106170076","66.7150468246705","70.8681826653956","53.8966317651851","67.1998511733816","48.2689766746159","50.2229678150182","54.1779639055213","47.6778913674425","47.0326471167865","43.0764738237152","55.1642300171243",
"Jun 2005","58.771783471666","62.7768110034577","58.2952823660766","49.7460762527013","66.086217535508","66.8801591161886","70.9759529814821","54.0125740022494","67.4341392266595","47.6621395279639","48.3465569162073","49.1286967114957","47.7596894143346","47.214487720646","43.2971586917136","55.2705803702682",
"Jul 2005","59.0017998833952","62.9059475957038","58.3156344771787","49.7827973384374","66.0906734010106","67.1149506999954","71.1232438182347","54.0589187007336","67.819825517426","48.1573755491135","49.3445678552361","51.3209955448385","48.0199807148343","47.3972715424489","43.5816250621006","55.2537713973818",
"Ago 2005","59.0722553608615","62.9927804276113","58.3801985595925","49.8517424286224","66.1505443903965","67.223149643022","71.2310927368121","54.591442490536","67.7581527683917","48.1824361944936","49.1010954450164","50.1683147483506","48.3370094187557","47.5890759801694","43.8393654123884","55.3166455065771",
"Sep 2005","59.3090064873482","63.2955884337427","58.5194391709639","50.0459137729243","66.2359142940659","67.6843482761582","71.42283218421","56.8915553261865","67.7251245877545","48.2433332112799","48.8770325270856","49.6760607618451","48.2786098088751","47.8269006509751","44.1224064594809","55.4667731108506",
"Oct 2005","59.4545799371139","63.4466667864186","58.6873578867486","50.2288617396909","66.3881305978001","67.8183286002561","71.6271392741622","56.8890633633077","67.8481729091384","48.3723022242334","47.9569319043502","47.8253894344352","47.9336388189854","48.6072676336825","45.2916686338833","55.4843267894741",
"Nov 2005","59.8824933517271","63.5772558194428","58.8031015523075","50.3443135065502","66.5032963022845","67.9628458667349","71.7757014901161","56.8890633633077","68.0446496584443","49.5847316427156","47.1789016749231","46.4292814503378","47.5379682054701","51.055171955011","48.9341883093623","55.5893503908808",
"Dic 2005","60.2503123885007","63.7568923839443","58.9470491636625","50.5414146685457","66.5950477484422","68.1765491901163","71.9021238448257","56.8902533563775","68.4188957591773","50.4461246340135","48.7703002091514","50.1107520452477","47.8386527354062","51.4628314470195","49.5105070294009","55.6666547486846",
"Ene 2006","60.6036258857962","63.895720984021","59.1109337405411","50.7628034526565","66.7024033599534","68.2903113258563","72.1607016638068","57.0309398507969","68.3897574925146","51.364201894715","50.1333557290506","53.5123015784048","47.9432572666429","52.1041467053971","50.2847338920506","56.0497977822029",
"Feb 2006","60.6963577274618","64.1045609025923","59.2933468328937","50.9916926043983","66.8387579500672","68.5240479408077","72.4580202241457","57.2185840550674","68.5814058808353","51.1481605764125","49.8776496713554","52.8149207349922","47.9601300749995","51.9128393068267","49.9749887147889","56.0911180187315",
"Mar 2006","60.7725118097234","64.3587287408132","59.4672518005001","51.131947860748","67.0437401799725","68.8554803790404","72.8124258830061","57.2871050489026","68.9923822336949","50.7531078012274","48.5197286944218","49.5123600175113","47.8028450912667","52.1159033655523","50.2180520853372","56.2165540117187",
"Abr 2006","60.8616172665192","64.5771584572873","59.5909421746949","51.2153376742175","67.2052777974922","69.1654642990836","73.1249631242056","57.3601321234819","69.3902958887007","50.4986046968189","48.092263125973","48.9534164224426","47.457285166736","51.9689286808487","49.9744856085319","56.2593596714667",
"May 2006","60.5906745112619","64.6644629204638","59.661286176265","51.322859437807","67.2393387637786","69.2689499107647","73.429082165028","57.4375661116402","69.3217038431782","49.2836279357254","48.3706735381132","49.528900994585","47.5521252811507","49.8271540705067","46.7147419674996","56.311154649437",
"Jun 2006","60.6429980643804","64.8598096803277","59.7840377953708","51.4692047382381","67.3384849896897","69.5343298125058","73.7330093151641","57.5289100129114","69.6180745704255","48.9566766429261","47.3605586264999","47.186233550899","47.3649120184374","49.9245941920535","46.8405361658476","56.3532526569928",
"Jul 2006","60.8092937134007","65.0275192207642","59.851905593769","51.605284709644","67.3402362557097","69.7987954797424","73.9197923942494","57.5704213957954","70.0379139759845","49.1172304086304","47.4564338749746","47.5815955138032","47.2761281260582","50.1252362594153","47.0812254393325","56.4761556926065",
"Ago 2006","61.1196086472422","65.1408227090913","59.9700159892077","51.7149400068817","67.4656032781676","69.9069140622978","74.0771012564222","58.0493659570927","69.9527255833967","49.9456002977931","49.2313048802847","51.2447159190619","47.8841864484898","50.3654472681219","47.2686016996313","56.8223418927129",
"Sep 2006","61.7366121300559","65.49715808072","60.2404908064463","52.1118207876742","67.612481999986","70.3455362926715","74.2016844794001","60.1341361400155","70.0143299042863","51.2473555202993","52.5265225611557","58.5377044261427","48.7100533339676","50.4286687756599","47.3384590587243","56.8728846110844",
"Oct 2006","62.0065187753508","65.6484919231897","60.4549004709969","52.3706289806642","67.782594138475","70.4346275295375","74.2932340902013","60.1341361400155","70.1354846517891","51.8299079226428","53.3120672181816","60.1413717973159","48.9900165186554","50.8848888242559","48.0080085380721","56.9108517865812",
"Nov 2006","62.3318573036518","65.820487842729","60.6781900586916","52.7048703908032","67.8975029850511","70.5557950908379","74.4014653107751","60.1341361400155","70.314954528388","52.5581081858124","51.6192385075979","55.6790801986171","49.006551840337","53.116172176688","51.359915855613","56.9439269793919",
"Dic 2006","62.6924235706863","66.0809725590223","60.9620345199804","53.1189536721537","68.0539653490682","70.7923417496211","74.5844952552207","60.1364266053437","70.6899197055696","53.179949299121","52.818739209012","57.855503323091","49.6017676826398","53.3789985117345","51.6971892522159","57.061493114485",
"Ene 2007","63.0162079340435","66.3877523322035","61.3789336533439","53.8936611380877","68.1235970604948","70.990272105781","74.8914711701906","60.2493456562902","70.8206701418723","53.5463662927259","52.9154112320883","57.2778837540617","50.1135182912846","53.9127497550276","52.0688517979433","57.9189861249833",
"Feb 2007","63.1923466277105","66.6402758222527","61.5870040683148","54.0750382839698","68.3557998818072","71.2851032904509","75.2188814658577","60.4267982876452","71.1289604979752","53.5187267427492","52.7845379926905","56.3910282203077","50.4485309738131","53.9492301724155","51.9693031404799","58.2243777189099",
"Mar 2007","63.3291131427925","66.8366561262659","61.7374001054041","54.1571943406791","68.5707198346522","71.5255298751575","75.4261354578428","60.4953178008579","71.4645913190164","53.4967686250876","52.7251499149956","56.2420226976178","50.4444664769726","53.950526024411","51.9399884737089","58.2861397146907",
"Abr 2007","63.2912951291521","66.9659788962921","61.8996647621278","54.2826279045658","68.7672082741058","71.6221277583645","75.6319858287837","60.5649735049482","71.4720384590191","53.0165300734605","52.8816657396075","56.274716896166","50.6769022637319","53.0750989962452","50.5984545418055","58.325380592295",
"May 2007","62.9825343602545","67.0984305145198","62.060971439931","54.4778764557969","68.8946696249934","71.7258312206672","75.7947068160237","60.6242112092697","71.5388130831895","51.5421622450015","51.3442423773448","51.3262854489798","51.2436256230356","51.6405881214675","48.4165450558063","58.3573242246949",
"Jun 2007","63.0581703875346","67.2901770295701","62.2322356009707","54.7510469679929","68.9666398376612","71.9367445104587","75.9103882695082","60.7683418806329","71.8595145017652","51.3111504895471","50.5252049845491","49.0596169491262","51.3179499179247","51.7748427081418","48.5802151986252","58.4343890793387",
"Jul 2007","63.3260048129042","67.4945559305333","62.4181881332715","55.0872869118192","69.0066519066674","72.1582279578603","76.0541106787973","60.8224309513591","72.2148997926777","51.7435020910002","51.3709997763118","51.5184743859901","51.1684373397919","51.9502458742915","48.8135389519127","58.4965817358176",
"Ago 2007","63.5839961936272","67.6771983184079","62.6182818895981","55.3695034936054","69.126267509033","72.3230388128145","76.2426832113391","61.468765454314","72.1645886922107","52.1997070725393","52.2457681321337","53.2813088928782","51.4943527559134","52.1463115206806","49.0354819638935","58.6428635947299",
"Sep 2007","64.0777025908746","68.0009119204858","62.8648620360166","55.7732441843806","69.2198461404003","72.7206598101137","76.4361375062741","63.5430882253077","72.0743958518514","53.1382949203509","54.3755191267819","58.1887439808964","51.9087260401929","52.3447560553488","49.3081966019087","58.69596222127",
"Oct 2007","64.3274050918955","68.223751567933","63.1801296376877","56.3341292002583","69.2965163250211","72.8522877558446","76.551807718089","63.5430882253077","72.2710784990845","53.4558242817761","53.5687622457442","56.0289178177174","51.9370645374643","53.3603024104778","50.8031424885899","58.7715342144258",
"Nov 2007","64.7812212555773","68.3784786989954","63.4227621047345","56.7283996042066","69.3914887387995","72.9205144709009","76.7002770794808","63.5430882253077","72.2931294466196","54.6981119872571","54.1252614680625","57.5358933311927","51.9069653450193","55.0278662297934","53.295126293162","58.8220976610872",
"Dic 2007","65.0490556809461","68.6398211331015","63.7171057506159","57.1141826934143","69.5956933473557","73.1485013722204","76.8278264523003","63.552535655685","72.6957464350454","54.9808561271278","54.6259169758484","57.9426460633759","52.4643656000261","55.1751558254202","53.4597743779148","58.9360989804269",
"Ene 2008","65.350563680104","68.9375119050444","64.0188221507354","57.6112311212891","69.7072821716677","73.4409701640748","77.2334842342974","63.7602001869806","72.9159868649157","55.2903028374309","54.723258034409","57.4996905165649","52.8942577351725","55.6161705413398","53.8106080715383","59.558207140821",
"Feb 2008","65.5448342981189","69.2338825674854","64.2932709087067","57.894043137089","69.9716501301673","73.7574592763997","77.682489084952","63.8797719753843","73.1870865438227","55.2120406940682","53.7737451294196","54.8133814610934","53.0164839111616","56.0789814791446","54.0272430568641","60.5103570512866",
"Mar 2008","66.0198907160361","69.5714755773377","64.6446177626682","58.3051092764051","70.2629465089348","74.0801587493207","77.9478783567339","63.9460795957567","73.6593162558984","56.0465772677165","55.023006390959","56.8427919442647","53.7825425548348","56.6555828059998","54.4851042033809","61.3253742037659",
"Abr 2008","66.1701266606339","69.8450459986977","65.0317456392128","58.9078119705015","70.4398416624288","74.2416669270577","78.2444276254253","64.0242363232888","73.7299922440393","55.8694384238579","55.8812559499011","58.3648783586769","54.2300754856931","55.8355647452562","53.1260418489755","61.564453784048",
"May 2008","66.0986350732053","70.1780620782511","65.4742643882441","59.5965258617481","70.6422631661227","74.4663218980595","78.5694257552151","64.0838069651976","73.9268265354433","54.7287494309488","55.1639714359269","55.8893775570802","54.5972173739294","54.4324885946822","50.9948575012339","61.5899450521228",
"Jun 2008","66.3721681033693","70.5076781662937","65.7927400184006","60.0036229829569","70.8731312929472","74.8053854020171","78.7967272096333","64.1886560604353","74.4555364640773","54.8515478498867","55.0122788062425","55.3315403769416","54.6959946908655","54.7256842253484","51.4183068701474","61.627864653327",
"Jul 2008","66.7420593600682","70.7906469701376","65.9920740683582","60.2830578276828","70.993937808219","75.1687861088073","79.0174948008499","64.3010661552791","75.0428062646348","55.4482523067503","55.8469563074939","56.7324754471771","55.1801048548073","55.1743269706613","51.8362199078343","62.1402329351006",
"Ago 2008","67.1274922662089","71.0830437437925","66.3925168080697","60.694457804471","71.3808698239012","75.3544202857998","79.1979472778906","64.981182470826","75.034019117811","56.0760396525835","56.2813322546492","56.6456446942456","55.9345415463576","55.9219222277425","52.4609480155873","63.1355508882544",
"Sep 2008","67.5849348147597","71.4979670848625","66.7284300620091","61.0158880559023","71.7282219762554","75.8446876490637","79.3692336806848","67.2037643713494","75.1167849161763","56.6414508559249","56.8834247778629","57.6333013726288","56.2978597226579","56.4642862450947","52.8538821317897","63.9767131051959",
"Oct 2008","68.0454856931997","71.702654506012","66.9019010962827","61.1705053461722","71.9185413139246","76.0789662214624","79.6950720122338","67.2093332257433","75.3563545472364","57.7746677842105","57.520027425205","58.6061831533262","56.7259670703523","57.9053562583781","54.9073699416678","64.2179671559259",
"Nov 2008","68.8189417803872","72.029105344778","67.3081465929032","61.6671277716899","72.2348395682236","76.3260907997374","79.9769997152889","67.2087933533248","75.6673735809812","59.7251425200502","59.3034235883734","61.6240135279918","57.7452096658165","59.9586583381029","57.8269917781642","64.5741221356749",
"Dic 2008","69.295552363249","72.4406471256469","67.8612696852946","62.5147371780805","72.5005937346402","76.5976098074113","80.0713215576202","67.2147621153009","76.2009433405653","60.3692640455489","60.9776000718034","64.0745299150523","58.9376054375433","59.9628225928959","57.7515390459568","64.7355622757939",
"Ene 2009","69.4561494074742","72.7588188434692","68.4045414618514","63.2014549007798","72.9018555437131","76.6946176068137","80.2875605624773","67.3665033972148","76.167297955699","60.1117100497561","60.5630843118544","61.4744597471743","59.8700504397334","59.8028623785086","56.9313771578074","65.8784542393066",
"Feb 2009","69.6094936819603","73.0972738206385","68.8119086573869","63.3912791206863","73.5154429019243","76.9643196653968","80.7067555278128","67.6341361758537","76.2993898580969","59.7742212399854","59.7321226941958","58.0081974039588","60.6639492358151","59.7719741577975","56.7104777736589","66.222640291117",
"Mar 2009","70.0099501825605","73.4738489390763","69.2615650888792","63.7920615879289","74.0087769333316","77.2679058651924","81.0249722551674","67.6763843273717","76.6897848920496","60.2347139976514","60.8651899926653","59.3144208914967","61.6879070456072","59.8145877284193","56.7451532584081","66.2812205708561",
"Abr 2009","70.2549901887493","73.7848012129765","69.7210518944572","64.2486506531634","74.4676506091335","77.4324827401555","81.11016848917","67.7136767231327","76.9745108970197","60.3023700413429","62.5689661840486","63.2634943947382","62.0051232663104","58.8662014586028","55.2713278824454","66.364192273147",
"May 2009","70.0503584711078","73.931562414725","70.1005343705874","64.6124929346535","74.8593614885088","77.3513824116417","81.2234061994779","67.7802729650204","76.6602961259145","59.1706802914582","62.5494342158528","63.1700402928301","62.0311616186116","57.0444129721407","52.519457826814","66.3670477643161",
"Jun 2009","70.1793541614693","74.117893784571","70.3351419028882","64.759035278468","75.1769379302942","77.4897694719863","81.3364867500314","67.8301697679472","76.8549297823471","59.1453409749784","62.4215324575712","63.1202033493225","61.8554587832053","57.0827756940909","52.5711580794837","66.3793274872433",
"Jul 2009","70.3705164495951","74.3448497865314","70.497467922275","64.867370228677","75.3899933858716","77.7788444531029","81.4611331279354","67.9038606933424","77.3743478307451","59.2401543388736","62.6264291346204","64.5835689363752","61.2848324967163","57.1091836551443","52.5559620070409","66.4880841152625",
"Ago 2009","70.5388843185408","74.4592130949817","70.7147083439788","65.0110042944389","75.6764236789026","77.7922642767123","81.5654845022549","68.2848397015109","77.1593112891755","59.5496736331891","62.7990605147652","65.6408202292639","60.9122606199934","57.5035616394388","52.801253272159","67.1795821364491",
"Sep 2009","70.8927158708178","74.7535963833561","70.9922624655414","65.2858182278589","75.9545543191479","78.1018021792661","81.7266671772919","69.9796145264636","77.0477369536381","60.0585046584235","64.144479245579","69.3187804452547","60.8181660883835","57.4926404128425","52.6849252704718","67.376771007267",
"Oct 2009","71.107190633106","74.9950489342518","71.251663105688","65.6624482227076","76.0992679677685","78.3246830802885","81.8503747373962","69.9804081966361","77.4455842649786","60.1992181237064","62.5591891445603","65.5588911524408","60.5756360424208","58.7051138410808","54.4834432100997","67.4399718242993",
"Nov 2009","71.4760457798425","75.1029020177061","71.3871429341178","65.7401995291113","76.2892714523784","78.4050940243558","81.9625049599409","69.9804107527097","77.5283056816956","61.2565185328884","61.9214468718831","63.8877719915156","60.575726467481","60.8145125560372","57.6434227743318","67.4886772969628",
"Dic 2009","71.7718551742052","75.4522496188253","71.638573725295","66.0954391690182","76.4389835106964","78.8485303088512","82.1922411944149","69.9898522168052","78.3315142138203","61.4066996299832","61.989786539971","63.3569451570092","61.012937620496","61.0154448364984","57.9110086667929","67.559323456911",
"Ene 2010","72.5520459761509","76.0192219494185","72.3177559698316","66.9295222055585","76.9641282825798","79.3034832872535","82.620921760223","70.2245265105437","78.8919017127334","62.7450408538844","63.565836987934","66.6335136558636","61.5382295244217","62.2055359382669","58.6164596815161","69.7146490247007",
"Feb 2010","72.9716705110621","76.3332799889914","72.6281322533527","67.2074547653192","77.3034092727752","79.6197736939832","82.9657337638431","70.4102119006835","79.2302965337134","63.4407331446715","64.1363805224422","67.7946192358597","61.7438113633546","62.9786136351381","59.082338044135","71.0996874319036",
"Mar 2010","73.4897254924342","76.6011386191146","72.7920383571773","67.315770209393","77.5195717290857","79.9879676840801","83.1568309870109","70.4565339220084","79.8816000324756","64.6157973354209","66.4102808125971","73.5253915423531","61.8837159625779","63.4707561491731","59.4929287358201","71.7562258821245",
"Abr 2010","73.2555646408536","76.6836885092868","72.9744241872874","67.428078756463","77.768011426811","79.9726814478171","83.2468279641609","70.4970510310244","79.7492830801405","63.5455740252082","64.8881087148032","69.8400761153687","61.697111094023","62.6816957289223","58.0808365193585","72.1923521047787",
"May 2010","72.7939776524521","76.8624997940114","73.1489030559389","67.6025602647202","77.9411932457318","80.1549471140722","83.4585659224106","70.5570033254808","79.9512350532928","61.3934494980795","62.648279800316","64.0014178311254","61.6786337523322","60.5850566875895","54.8660469758925","72.2899461761164",
"Jun 2010","72.7711832332712","76.9683271277107","73.1318447071381","67.4573784296387","78.0475028979313","80.3802987173615","83.6383437265289","70.6290670801519","80.2757739298729","61.0304850279649","61.3187328991607","61.3889274229291","61.1421296217078","60.8225003013688","55.0444292641425","72.6456440913849",
"Jul 2010","72.9291900025896","77.1287052954458","73.0978317427394","67.4478227246446","77.9902169513787","80.7297811366258","83.7574020534178","70.705628326","80.9372722385601","61.1814489884614","61.415680346885","62.4892996320329","60.6208678157204","61.0069361457414","55.2857301596707","72.7190152245065",
"Ago 2010","73.1317495003058","77.2034002626478","73.2366231522336","67.5034783155258","78.2079466186668","80.7415694545229","83.8876563629538","71.3104672662853","80.606077796349","61.7194955751626","62.2600105831577","63.4700205565367","61.3793600522818","61.3545288423289","55.745353846683","72.8476904915682",
"Sep 2010","73.5151101865211","77.4828078743706","73.446293475734","67.5718222694635","78.5520025732395","81.0878551832523","84.0074161528848","73.2375024788346","80.5235647228192","62.3752571691693","63.4897210824978","65.986509931345","61.8138827684675","61.6535638355229","56.1614601729224","72.9175248717828",
"Oct 2010","73.9689263502028","77.6309449152297","73.7653270256978","67.8741409375261","78.8847470925202","81.0684893115673","84.1125341977287","73.2375152607003","80.3843785869553","63.6335266827766","64.4957295504779","68.2684702973963","62.0318582336484","63.0678867138537","58.2791857771716","72.9521509622911",
"Nov 2010","74.5615812488919","77.8149454230465","74.022355944171","68.2372760930044","79.037805895885","81.1803879725838","84.2189649476743","73.2371206283483","80.544428599786","65.3039057967966","65.3856120425195","70.3696363794719","62.1737888095584","65.2221511989265","61.4861790235826","73.0417832507324",
"Dic 2010","74.93095445061","78.1508231866552","74.377791184962","68.9728569079276","79.0249436354045","81.4957130775558","84.3601000858004","73.2399063329733","81.1372128824934","65.757802567227","66.3054930017046","72.2248360208289","62.5156163873658","65.3864619932025","61.6400496850485","73.2278245690681",
"Ene 2011","75.2959913456337","78.5081118796889","74.9208748058132","69.94603759804","79.1799381793162","81.6807382431043","84.550578778759","73.4664894563224","81.3068349824728","66.1294862034366","66.1256952927483","71.6314003988571","62.6277991896669","66.0296661076646","62.2043588879825","74.0382636099202",
"Feb 2011","75.578460244005","78.8240865074284","75.3206157633837","70.4183718553786","79.5174160626098","81.9216796415662","84.7208446754446","73.5685574056888","81.659902479913","66.3174938643787","66.116173006089","71.0184095954004","63.0037126874414","66.3275089856364","62.5584156251403","74.2150220386453",
"Mar 2011","75.7234509285414","79.0593624390553","75.6844798476434","71.0494637788982","79.6521644455256","82.0418836787554","84.9016500613585","73.5981290470795","81.748549561637","66.2084773757789","65.290126813971","68.8527272567831","63.0330663589713","66.6184121139603","63.0368574448362","74.1038494300197",
"Abr 2011","75.7174409519803","79.1189863387823","75.9468555164131","71.4611562749564","79.786514384483","81.920205024602","85.0712411171305","73.6507207371051","81.2870536050186","66.0215601106045","67.2884463733726","73.8253901716542","63.1322203006695","65.2134905301283","60.9864728723047","74.0838567481909",
"May 2011","75.1592643788689","79.2598560915817","76.1608459608525","71.8246536830051","79.8723198078412","81.9956368793357","85.2420509301594","73.673772117307","81.2849867178434","63.5115292528433","64.6877772630765","66.6516409835181","63.4516685619198","62.7578604697458","57.2666212823084","74.3399935486606",
"Jun 2011","75.1555081435182","79.4132252870953","76.3232384701992","72.0907104701563","79.9458310512034","82.1408708238375","85.4001217823549","73.7274710242192","81.4458055210791","63.0697538762161","62.9900342912677","62.3833353865024","63.3952790307376","63.0169811568609","57.5855454620435","74.4704523574346",
"Jul 2011","75.5161067371837","79.5916365035978","76.3804210286736","72.3171803910667","79.8578833588633","82.4275913799503","85.493593266656","73.7845614365183","81.9930613674309","63.9395292285242","64.8828410749624","66.2837031795706","64.0063793667864","63.3150650692748","57.9314124630011","74.6654914019156",
"Ago 2011","75.6355550213354","79.6870157340943","76.448561550037","72.333363577457","79.9705603963864","82.5472820916132","85.583704999932","74.7716055911976","81.8728229301199","64.1243576733975","64.9805090960564","65.531597034372","64.6468300595447","63.5482014650554","58.2152498381818","74.7895131310043",
"Sep 2011","75.8211130476591","79.898958535706","76.6902479122462","72.5201332385138","80.2593069668701","82.7325382390601","85.710656283398","76.2686963177209","81.7085118278868","64.2351181100098","64.8154822448408","64.5516561592574","65.0022465306359","63.8125454769223","58.5898419272867","74.8172395719824",
"Oct 2011","76.332712302422","80.1060737106762","76.9620109070315","72.9375563610869","80.406178310425","82.8817617012213","85.8355106944541","76.3074308869934","81.9157169798487","65.5971345802272","65.0070545522374","63.6135042806514","65.9154334877141","65.8249973928754","61.531668824959","74.8356186168457",
"Nov 2011","77.1583328325019","80.364584818472","77.2220524806648","73.2953458587878","80.5824030782914","83.1387903570874","85.9583632422086","76.307060660411","82.3839287738549","68.0031127859833","65.9536323361085","64.6378931103628","66.8125795853892","69.0408980004203","66.2250232239794","74.8814403891829",
"Dic 2011","77.7923853596971","80.7712689138963","77.7371510179909","74.0205697601572","80.9173268640455","83.4483638123358","86.0773370400859","76.3071242480192","82.9761649420671","69.270031592994","68.7802979533791","69.0683094505885","68.6157175250405","69.4362887510864","66.7590689059668","74.9790774312636",
"Ene 2012","78.3430494621071","81.1331821845763","78.3971788139365","74.9669105716235","81.3318550127591","83.5435792104812","86.2317837967203","76.6367700077209","82.9404529541004","70.3454353376846","71.0023839771081","71.684599218892","70.5866494921003","69.8707474516591","67.1672592072032","75.468581994978",
"Feb 2012","78.502313840976","81.4781759518448","78.8982373687015","75.5567433844468","81.7567711935482","83.7488863582706","86.3955655107254","76.8194934712678","83.1932706370625","69.9854268540889","69.7188225940222","67.890189001221","70.906418708774","70.0261843167552","67.5620325073186","75.1114686898494",
"Mar 2012","78.5473886651842","81.6772944821635","79.097057651796","75.7590422619341","81.9525941272717","83.9481836646298","86.5494448051698","76.8225749870284","83.4977213998268","69.6004588600476","68.5962353217398","65.3761648052893","70.6722331950962","70.0530402015445","67.8598548453041","74.5584365848904",
"Abr 2012","78.3009796261795","81.8003161006725","79.3512493537305","76.0455188392743","82.1790893242202","83.953874480038","86.6853273327323","76.836273719579","83.3731057162592","68.3228087553308","67.864472804792","63.8582056287148","70.4424124333023","68.4730214445804","65.5745036129959","74.4919248122703",
"May 2012","78.0538193401046","82.0175777189216","79.5908062828722","76.3616996865342","82.3529401053064","84.1511064254936","86.8301054912633","77.0095925007204","83.6289994097769","66.7816118076985","68.3112346090451","65.2269369229759","70.3004333937212","65.8258922908952","61.6493411767902","74.5866298370949",
"Jun 2012","78.4136666866999","82.1946409953079","79.8792777550446","76.7246239685558","82.5775629183499","84.2284837499875","86.9792785791024","77.1342267218316","83.62114708211","67.6496674866534","70.100008028051","70.3382965414519","69.967557662396","66.1793001362441","62.1185179249401","74.6913680991588",
"Jul 2012","78.8538974697999","82.4506334347133","80.1329182699049","77.0939231266629","82.7320327014365","84.4864660154983","87.1260600179887","77.1989140909276","84.0478872460737","68.6040530724088","72.1949044850252","72.213795540799","72.2031745011934","66.4963678427906","62.5726313647051","74.7143352163181",
"Ago 2012","79.0905402968928","82.6356300769697","80.4479256835346","77.2572221945791","83.1770717870171","84.5551410194453","87.2544924023734","77.9359930970049","83.8506501842159","68.983893952748","72.6217853894608","71.2793820189658","73.4996414486844","66.8493979206673","63.0662291011989","74.7656321568825",
"Sep 2012","79.4391189374361","82.781926734818","80.7115818901172","77.529191201029","83.4335814308101","84.5964443204307","87.4117763433522","79.7180217180261","83.2385331347454","69.896084024548","75.1984745831023","73.1778324194491","76.5102510725273","66.8322062117194","62.9809092047951","74.8942676985473",
"Oct 2012","79.8410361199591","82.9704744362604","80.9434940419575","77.8113861240982","83.6223696341361","84.7461375321884","87.5504506505423","79.7180217179528","83.4452513570993","70.891746140485","75.1471144473007","72.1460290218606","77.0850906580573","68.410059471459","65.2359345087385","75.0188776769592",
"Nov 2012","80.3834365045976","83.0133816497868","81.2547980681835","78.1816430583977","83.8831109337427","84.5490576692703","87.6998022514453","79.7180217179528","82.8472234160324","72.8269685795038","74.5433167439294","70.6744272743642","77.0353938140899","71.757829258177","70.0298435959712","75.2632224750749",
"Dic 2012","80.5682432838512","83.1137367309841","81.6246685670814","78.5445003184417","84.2589653641488","84.4084001975282","87.8453213496212","79.7261122975707","82.3796827825115","73.2476184294759","75.095790967799","71.0702841213535","77.6880559881469","72.1043372380332","70.5122767753291","75.3179487528689",
"Ene 2013","80.8927820181501","83.4664891084121","81.8219883280595","78.8844850284605","84.3339668715695","84.8999660337866","88.0173545363672","80.1233507321958","83.2135737334796","73.4912570480914","74.9131763512024","70.098053462422","78.0097217880921","72.5852409532593","70.9287941564197","75.9353389998432",
"Feb 2013","81.2909429653224","83.8912588520788","81.9417084241495","79.0275596513333","84.4336565347188","85.597287000542","88.198182597588","80.3177804572937","84.5729568851955","73.8167034052769","74.9304728289627","71.0549981320394","77.4268649718226","73.0819824478467","71.261827395744","76.7810544132416",
"Mar 2013","81.8874331390108","84.1436539624642","82.1129607161734","79.2282075780987","84.5796955524564","85.9221188626802","88.3637955243731","80.3257385131179","85.1519062171245","75.371150216908","78.3988181633798","78.3564148908289","78.4479847003875","73.5670147083846","71.8367852043811","77.0723644137969",
"Abr 2013","81.9415229280606","84.2110006163675","82.2309864362044","79.4552712127171","84.6044439665401","85.9452831306666","88.5095430373586","80.3464890931148","85.0506088359317","75.374109878941","79.5708447769742","79.90505274982","79.3618948393781","72.9047221161943","69.8206428738062","79.1570151229341",
"May 2013","81.6688202416011","84.3772604243923","82.3719831185192","79.7081611602134","84.6497629976681","86.1336707585359","88.6845649582448","80.3951245080507","85.2960399144899","73.8314745734267","78.764960246867","75.3444017659047","80.9035252702179","70.9285775724176","66.7277194644743","79.4448943420162",
"Jun 2013","81.619237934972","84.4855739258481","82.3839855112169","79.7506755543827","84.6356751996896","86.326342581021","88.9009953989723","80.4813331154696","85.4973481698473","73.3240895242378","76.4002902319871","69.4794600856383","80.7272577041566","71.5140318084787","67.3128486378858","80.0310075710145",
"Jul 2013","81.5921930404471","84.5142658816916","82.2507394248568","79.7955983411637","84.350080540109","86.4968750941461","89.0526141496581","80.6007123719079","85.7031447198995","73.1351468566437","75.2440707500958","67.8710180183498","79.8537719949501","71.8942414905693","67.739582376793","80.3168999507081",
"Ago 2013","81.8243283851193","84.5906385063358","82.4650811799884","79.9270901796967","84.6352655708671","86.4524013871885","89.2246596484562","81.483794767679","85.1489474693363","73.8196691986416","76.3910061031874","71.4360486030745","79.4888916857282","72.3066768271254","68.1930301267856","80.6461916304967",
"Sep 2013","82.1323396838752","84.8646543799927","82.8044695078715","80.1322250027467","85.0894513350469","86.669157921286","89.3411543002017","83.2447693268729","84.9897593928913","74.2262605006737","76.9527255451513","72.7195842263331","79.599324927727","72.6219896616131","68.5930021347457","80.7898765927969",
"Oct 2013","82.5229881603462","85.0276829420878","82.8915542117441","80.3632048232848","85.0534942567146","86.8987052519904","89.4702651291159","83.2379922660023","85.3956183229195","75.274593250798","76.3996654087178","72.9391617691999","78.5632045172782","74.6125930324155","71.5137573897859","80.8948013982232",
"Nov 2013","83.2922651601659","85.1426641642195","82.8711714798115","80.3865546028132","84.9957167453426","87.1322509476371","89.6262803743764","83.247152985092","85.7782746302083","77.9372489199494","78.667469101506","78.7741021840822","78.6008011050841","77.5075823281707","75.7742283219174","81.0215767101",
"Dic 2013","83.7700582967726","85.4217193415501","83.1667133160935","80.6450299496349","85.3229533815128","87.3968655594263","89.7728907138821","83.2471529850187","86.2459951016648","78.9919916038096","80.1023187596785","80.9419741792777","79.5773583702131","78.3386674464504","76.365362585858","82.3391094617829",
"Ene 2014","84.5190516256987","86.1498991285663","84.2178496224942","82.5409633458655","85.6517209097045","87.8421696732729","89.9661432483444","83.5852003637579","86.9831320034483","79.7985506302214","79.5620768212932","77.4892433567472","80.858031610895","79.9376934505971","77.7848391961051","84.3021324103159",
"Feb 2014","84.7331570406876","86.3925600222962","84.3239104889479","82.7682338865664","85.654137853551","88.2044777093531","90.1813509948045","83.8351865156978","87.5311750863944","79.9305293784833","79.0000883958259","75.8389053119078","80.9764895050371","80.4780072707599","78.4624132041064","84.564181359402",
"Mar 2014","84.9652923853597","86.5781193768294","84.4781275599806","82.8607573131072","85.8611079028831","88.4174895816053","90.3464407739581","83.8542432563673","87.8534876045004","80.297031522748","79.5634051359235","76.1561715870495","81.6936392876431","80.728702349247","78.8999846657331","84.4360256330946",
"Abr 2014","84.8067792535609","86.8300868580246","84.6750273720829","83.1100266215002","86.0132276257625","88.7176905030354","90.4914976241346","83.8751324834274","88.399452646591","78.9525554791459","78.6714765967882","71.9910635228116","82.8481330760007","79.1179442323662","76.4198657692649","84.5877054741195",
"May 2014","84.5355790612417","86.9115546034515","84.9086002735165","83.5023192576855","86.1110825160887","88.6659302569307","90.6469555003683","83.9507362689128","88.0956192170353","77.6606390315309","79.2945059542056","69.339455264554","85.5184963726823","76.6992604639707","72.6430155337775","84.9224057912492",
"Jun 2014","84.6820722399183","87.0962539760095","85.0543164896608","83.7864763161191","86.1384207889143","88.8847747417158","90.8093655618415","84.0694146442612","88.4034167093798","77.6954712510826","78.976046512364","67.9862913178154","85.8469438251565","76.9419719340654","72.9798927481246","84.9742169056947",
"Jul 2014","84.9149588316606","87.2599479633493","85.0191624198311","83.9470420735505","85.9359106826032","89.2226385466844","90.9318511830831","84.1329931465233","89.047279586635","78.128198859874","79.5907510088363","70.0540229815551","85.5532022023082","77.2676230868588","73.4190953336416","85.0696674788491",
"Ago 2014","85.2199651421359","87.4452159098926","85.397956989338","84.2515531480913","86.3782235551137","89.2383976879021","91.0757121482236","84.8995125476305","88.6988390236377","78.7790745340009","81.1438372754922","71.5296595049841","87.1547107698095","77.3876318249298","73.5314247927012","85.2052442678289",
"Sep 2014","85.5963399242743","87.7014179584907","85.6719343253385","84.4250099396247","86.7381539604513","89.4790304691931","91.2464621457014","86.8220733970356","88.4896631104926","79.5052015885774","82.7805503911882","73.5886216867888","88.5274298363173","77.5779637600375","73.779941828395","85.277618696265",
"Oct 2014","86.0696255784602","87.8474857561678","85.8159989056128","84.650552647565","86.8125482540098","89.6268528728689","91.3850751829804","86.8231829989372","88.6924232341164","80.9247467564583","82.8665454978693","73.897298325379","88.4742023750474","79.7821789825981","77.0474318637447","85.3262778669348",
"Nov 2014","86.7637778712663","87.9892433821639","85.9198937613248","84.7286659640628","86.9384883785627","89.8017742716364","91.5347537557952","86.8231978860366","88.9474726580489","83.2185220104877","84.2067657688353","76.0324373083553","89.3174320629171","82.6370325662219","81.2522550766709","85.4443646526566",
"Dic 2014","87.1889837129635","88.1934984399791","86.0789829835748","84.9259678286521","87.064902748985","90.0455898133311","91.6979270340035","86.8232127732093","89.3496112305006","84.2837470512461","87.0014283243006","81.0233714536719","90.7389651629899","82.6846446438776","81.2773437701067","85.53763794262",
"Ene 2015","87.1101027705992","88.1644282257166","86.2659602270744","85.3201460126174","87.0747066901391","89.8272849298843","91.880965128602","87.1858507700166","88.5394456536553","84.0584885107481","86.3264149471704","76.7032259512922","92.3429223435867","82.724024951611","81.0490358374127","86.1196973395228",
"Feb 2015","87.2753771260292","88.4641764320644","86.5484125447933","85.3305776565314","87.5897583434906","90.1421825010728","92.0650548189313","87.5005910037972","88.9885862174319","83.8343251868213","85.570825321153","73.935954997637","92.8450546215779","82.8125565296239","81.0216891160022","86.4431467077682",
"Mar 2015","87.6307169902037","88.6961606549979","86.6740066425203","85.3329338246736","87.8207306836727","90.4673531948876","92.2251057780245","87.547674763305","89.5693751926583","84.5466979892768","86.2015987536108","75.6523876106853","92.7970638217981","83.5729429641598","82.0674707656159","86.624957053077",
"Abr 2015","87.4038403750225","88.8342602707277","86.9150308703939","85.5085968000035","88.1176439868219","90.5153017616761","92.4066685176549","87.5682340167986","89.4887429731439","83.2660022937289","86.4269962401503","75.4054149495683","93.3177915246705","81.4060516513947","78.8006311095851","86.6879693173515",
"May 2015","86.9673658272733","88.9371066634065","86.9843493221487","85.5473241584303","88.2131202591099","90.6475150762988","92.5383125347857","87.6131610524558","89.6486044091022","81.2665378699281","85.2430349802794","74.7682433478675","91.7919722773486","78.9267395406699","75.0747939337697","86.7357128801207",
"Jun 2015","87.1131077588797","89.12294352238","87.1656645820351","85.7513387813558","88.3750257561853","90.8373123768385","92.6922838965319","87.6812297238088","89.9128984245048","81.2956192081171","85.0355396109874","74.7034666954082","91.4952478369312","79.0950242454019","75.2849478709942","86.8191169156388",
"Jul 2015","87.2408197608029","89.2767387839773","87.1174711699255","85.8495808937618","88.2016183108","91.1680283030327","92.8261528583043","87.8003357772605","90.5111692540533","81.3503185171067","85.1158900774871","76.3101526678102","90.6213191279953","79.134630236393","75.3358436367037","86.835835369197",
"Ago 2015","87.4248752929864","89.4559964866826","87.4141116583952","86.0136602508805","88.611609121621","91.2444711295426","92.9647467578041","88.702313660375","90.2678856855514","81.5462148440529","85.3123310655641","77.1671609238438","90.4047673071887","79.330206080947","75.4278842983062","87.2413060477256",
"Sep 2015","87.7524190155658","89.7877617837903","87.848644213172","86.3241817159175","89.1521810325538","91.4862232035709","93.1015474488088","90.5327094554923","90.1247293671943","81.8616775479903","86.0720052838172","78.7217672389594","90.6674425740203","79.3842916657293","75.3395813437271","87.5840531092864",
"Oct 2015","88.2039185047178","90.0135254606832","88.1561280919972","86.6672443859918","89.4292422117671","91.6404086471394","93.2050783712354","90.5418765300321","90.3758452311753","82.9680802308015","86.1099907723558","79.2533715193478","90.3968129960366","81.1193583955246","77.8220309502686","87.8039652771798",
"Nov 2015","88.6854678766753","90.0451813480627","88.3190670634878","86.9063756483988","89.5270307078723","91.5570744704179","93.373431871612","90.5419419030873","90.0084487763126","84.7522617461168","86.4833696512787","80.7416455740928","90.0731490261975","83.7336659137703","81.6771675541072","87.9027644685134",
"Dic 2015","89.0468177174109","90.3206867064414","88.5066636031032","87.2048790975276","89.6197930088701","91.9095786345786","93.5436502499435","90.5452443030435","90.6562316118383","85.3594193512477","88.4975287405112","85.5779194508139","90.3228956634271","83.5129341401788","81.3286341972461","87.9411223234872",
"Ene 2016","89.3863813931126","90.494986695569","88.7343236246726","87.5281105817006","89.7657318201645","92.0371408921364","93.7743439500674","90.9548779909036","90.5905331827778","86.1786510539167","90.8734009719266","91.5534248308261","90.4482437212116","83.4162278181773","80.6925993510707","88.9377860790984",
"Feb 2016","89.7777811166536","90.8194302850184","89.1644027157548","87.7696074487902","90.3570637284851","92.2690589809199","93.9973133131568","91.1513350540124","90.8426267473127","86.763346322749","92.4817954177299","94.1091820207972","91.4643381550116","83.3985714299261","80.4973722020357","89.2801153911891",
"Mar 2016","89.9100006009976","91.1447498542818","89.4694977324912","88.0612155155849","90.6736911612602","92.6120931141464","94.2199663985361","91.1612340539497","91.4124505983913","86.3361217657378","91.5565001923373","91.4372844203525","91.6310350034406","83.26441508977","80.2685790346918","89.3378144236154",
"Abr 2016","89.6252779614159","91.345751738305","89.8411497284057","88.3914656206549","91.0807450705528","92.663623591307","94.4082160596294","91.1767605033002","91.3348859845169","84.6478635199932","90.284810239227","87.1977668170737","92.2148585412858","81.3310451872204","77.9123639091124","88.261670300095",
"May 2016","89.2256145201034","91.5410004785006","90.0710269368386","88.7862278596995","91.1696324488955","92.8285414644931","94.5918824589087","91.2208659380783","91.5180292198305","82.524336492071","89.5932933217401","84.7510244256651","92.6207249392893","78.3649135324457","73.7194479004871","87.7825743644771",
"Jun 2016","89.3240278862912","91.7738478661214","90.3157372121637","89.1003556502263","91.3549852214408","93.0509982200969","94.7804694098441","91.3123492754797","91.8158423663599","82.2350565215121","88.3222609929072","82.8321035012156","91.754758595304","78.6533034215508","74.1116966046755","87.8604133264691",
"Jul 2016","89.5569144780335","91.9305234128225","90.3470071722867","89.1695315809234","91.3538425584992","93.317515765974","94.9745954672229","91.466177530692","92.191566030318","82.6894574561408","87.6411718519037","81.6787527138917","91.3689318344734","79.7758345492112","74.9212285938061","89.6174814330295",
"Ago 2016","89.8093334935994","92.1047162470205","90.6977770685912","89.2344154320165","91.9490677867986","93.3370458132151","95.1164616642056","92.3074639435847","91.8307981723399","83.1670543952935","87.9484343688304","82.643714899747","91.2649943922096","80.3536574373245","75.7529220850647","89.6806374557755",
"Sep 2016","90.357743854799","92.5434009061401","91.2900226223943","89.8275354184378","92.5405656310818","93.6412274081199","95.2587009788813","94.3984834442572","91.7470853191077","84.0331611876457","90.6713356667678","87.7929313762206","92.4709408403716","80.1272135345829","75.368923855261","89.7736003321316",
"Oct 2016","90.9061542159986","92.8021489245561","91.6594283025382","90.28101804432","92.8380788281561","93.8030510459926","95.4308384512929","94.4011265411801","91.9476838252558","85.418343192587","90.6300851912186","87.7790558108771","92.4125753159865","82.3517182504445","78.6134407227519","89.9302545353706",
"Nov 2016","91.6168339443476","93.010425318165","91.7744562861082","90.5571267695987","92.8153699516773","94.0930031612495","95.5985023635729","94.4011265411801","92.4529928083117","87.5842430339403","91.2908095470357","88.9669555381896","92.7437047190852","85.4032737300826","83.1212543395551","90.0295666218968",
"Dic 2016","92.0390347977643","93.4253392806337","92.0921856189804","91.0457679956052","92.986956007179","94.5930405563863","95.8022992737311","94.4011265411801","93.4119818823444","88.0280313324208","92.1731926096099","89.2644044105556","93.9917940859181","85.588989843934","83.298911375538","90.2316207454215",
"Ene 2017","93.6038824448585","93.9661369686657","92.9465884671895","92.1422970083414","93.6343217055325","94.8591533704205","96.0802723399323","94.8595665719833","93.6062942060553","92.5551697458663","91.3595710095684","86.0548308326887","94.6761439796903","93.2586682894501","93.8538534386812","92.0520611779544",
"Feb 2017","94.1447803353567","94.6842553616011","93.9736770421784","93.0649292549599","94.7507287586629","95.3066466388079","96.3917900374676","95.1657038494295","94.2371121573963","92.5841861094129","90.5017857297322","83.5653156542745","94.8385314312883","93.8094848571493","94.3081329376096","92.7985854407596",
"Mar 2017","94.7224893322916","95.2265193309664","94.703344444839","93.7775755480638","95.4949505651656","95.6847650677142","96.6311073090196","95.1771532099301","94.871314840855","93.2636473561271","92.4887773005824","88.4196169737923","95.0328542395067","93.7195862418125","93.9885711414226","93.1742784613501",
"Abr 2017","94.8389326281628","95.6548288218573","95.2758111197482","94.378879571436","96.0427590110596","95.9868081481206","96.8143181313992","95.1861489821906","95.3861290763014","92.477661501813","94.2209750468394","91.5374766253626","95.8987232556742","91.451883786679","90.2863912850164","93.8146637430538",
"May 2017","94.7254943205721","95.9181044932571","95.7325803826719","94.8085105087441","96.5227337031635","96.0806039461867","97.014381763819","95.2372847307973","95.3841332251416","91.2748467954439","95.3573001411798","93.5177394505237","96.5074106197359","88.8727030864148","85.5778686321323","95.5522559764689",
"Jun 2017","94.9636396418054","96.2100523332531","96.0353985200534","95.2516969896103","96.7055257302043","96.3630305580127","97.2192060026317","95.3007879826596","95.8140507981571","91.356662143074","95.7609496672422","94.1743476203935","96.7529080454478","88.7651489834923","85.3756355760864","95.6366426475853",
"Jul 2017","95.3227357413306","96.467769878232","96.1480673878486","95.6349844599774","96.5867941449843","96.7477953670914","97.4077907823663","95.4174320977916","96.4832081216338","92.0099975520314","98.1429517838105","99.5350220806905","97.2726164676564","88.4013249775125","84.7114681176643","95.8816989974843",
"Ago 2017","95.7937676543061","96.7126765716285","96.6026169195838","95.9914440233097","97.1252184100511","96.8090771590847","97.6106867997672","96.5792461698445","96.0579772787794","93.1340405798595","100.165263073353","103.985425814594","97.776861744268","88.9968207638737","85.3913474067189","96.3061257735358",
"Sep 2017","96.0935152352906","96.9856215181797","96.9210272288871","96.15751469325","97.5738912408774","97.0421992678883","97.7730972352332","98.8673145102568","95.7264825914323","93.5116034672961","100.102780535694","103.563095576264","97.9393593408481","89.6333094149267","86.8721160281675","95.2310222962105",
"Oct 2017","96.6982691267504","97.2304840979295","97.1299327639723","96.3593694534827","97.7888257499934","97.3185564068117","97.9617292788447","98.8728228857264","96.1768155201516","95.1575618803958","98.2197549031814","99.3729718809804","97.4987529069256","93.3557463830855","91.4554380211384","97.2082040368506",
"Nov 2017","97.6951739888215","97.5652420423482","97.4559704492717","96.7513877251943","98.0584447802324","97.6609523736874","98.1646082084636","98.8728228856532","96.7685040077361","98.0707113119127","99.3601764731048","102.230939295372","97.5653488165579","97.3119811164975","97.2841200846025","97.3684632368716",
"Dic 2017","98.2728829857563","97.9740119844851","97.7708681005814","97.2540102249073","98.2128227386285","98.1519444908745","98.3420025313895","98.8728228856532","97.7334498663096","99.1381645795862","101.161396368195","105.869360669964","98.2179332339875","97.9476810391183","98.0340871452658","97.7725116448141",
"Ene 2018","98.7949996995012","98.2520140099906","98.3164887855405","98.1292618755852","98.4765827013875","98.1955409418025","98.6000690171529","99.3120857237744","97.4343433420987","100.366479451255","101.191029814237","103.822863120351","99.545583116764","99.8813083299617","100.424681291169","98.7797390452452",
"Feb 2018","99.1713744816395","98.7316880189811","98.8443024368683","98.6163126219318","99.0392518821053","98.6330497276198","98.8526327361478","99.7586076186113","98.0587903994341","100.445721400826","99.2732909212028","96.5146942538386","100.99799125279","101.135587582363","102.006469355173","99.3700661448479",
"Mar 2018","99.4921569805878","99.0573571582772","99.0950272457112","98.7935058982343","99.3528520061807","99.0243621552865","99.0824658362367","99.7804758267816","98.7303128063658","100.750003968351","99.6496419666058","96.2189946895636","101.794514599294","101.397464560389","102.30426551536","99.5591248733397",
"Abr 2018","99.1548470460965","99.2032063195567","99.4239207867928","99.0011083849595","99.7854590563858","99.0098838449312","99.2957769207565","99.7905961154361","98.474521065627","99.0170760622452","99.156872721218","95.2633832748703","101.591118589317","98.9348187438666","98.5192303270401","99.7773329427685",
"May 2018","98.9940801730873","99.458111616161","99.6329166194773","99.2940803863092","99.9226485784152","99.3050009650257","99.5032425110418","99.8294976102733","98.9390013374985","97.6530779222272","98.0956960320487","92.704229740095","101.466490977102","97.3926383733033","96.1651496755954","99.8811019949511",
"Jun 2018","99.3764649317868","99.6883270090272","99.7612451698385","99.5305896678914","99.958473989708","99.624458430408","99.7440772923986","99.8841815533759","99.4212128438075","98.4748782815816","97.7789699514998","92.8589374819655","100.855020079555","98.884355543348","98.3712526736107","99.9245588689531",
"Jul 2018","99.9090991045135","99.9742919461305","99.9851658707979","99.9513721632515","100.014062181557","99.9647675409902","99.9531350266283","99.9886094405245","99.969308748073","99.7217798557264","99.6451814256649","98.872901387108","100.128018099242","99.7668509004297","99.6499007618909","100.003941609062",
"Ago 2018","100.492","100.2203435343","100.3712149931","100.3623644011","100.3804920069","100.0574486992","100.1118877862","101.4279049074","99.7212577914","101.3318079942","101.5382144923","103.8406520273","99.6679586789","101.183593688","101.5808169823","100.255171397",
"Sep 2018","100.917","100.5447730689","100.7532280422","100.771150583","100.7344419929","100.3197057251","100.3369328529","103.504281572","99.6369141622","102.0683000893","101.3218172692","102.6577580116","100.2366408412","102.604326979","103.5496707089","100.3947934395",
"Oct 2018","101.44","100.8566056954","100.9940405722","101.0277147598","100.9587439613","100.7082182418","100.4991826719","103.5100336772","100.3094284888","103.2450804694","100.6105764069","101.4190050026","99.9538948431","105.1368386995","107.0922737115","100.5664384244",
"Nov 2018","102.303","101.1104428605","101.2605878813","101.3868141062","101.1282800736","100.9483323554","100.7204327813","103.5100336772","100.6168458061","105.9876826839","104.1098414297","108.3860720277","100.636285681","107.3361040807","110.1885972069","100.6690272974",
"Dic 2018","103.02","101.5824749997","101.6028907042","101.8542021671","101.3394710487","101.5604323094","100.9160828925","103.5100336772","101.7323084022","107.4642850625","108.3048821729","116.6704328522","101.5095969356","106.860677528","109.4304118429","100.8544874228",
"Ene 2019","103.108","101.7847955923","101.9139077002","102.3446484094","101.4624138926","101.6453941728","101.1574020292","103.9604545121","101.5998593379","107.1992050084","108.6860260823","117.5549978586","101.4818149918","106.1315634574","107.8173809875","102.191334886",
"Feb 2019","103.079","102.2241726646","102.4166959094","102.8983507199","101.911834958","102.0163066941","101.4385066084","104.5892096156","101.997637632","105.7220888535","104.0365009274","106.8176726202","101.7773723091","106.9324589104","108.7106075588","102.7764266094",
"Mar 2019","103.476","102.5761403006","102.7668886683","103.2937059164","102.2146893517","102.3701906523","101.7402090413","104.6068614441","102.4689746853","106.2575399647","103.3388825023","105.5061594377","101.5784168105","108.3533402157","110.6447894447","102.9975804369",
"Abr 2019","103.531","103.0432843305","103.1401340089","103.7054242346","102.5476080858","102.9387164255","102.0542357757","104.6198376343","103.3831405661","105.0393467676","103.8835356745","104.9747442317","102.9971536916","105.8692999944","106.974299075","103.2866071044",
"May 2019","103.233","103.2122482569","103.4359887502","104.1405559676","102.6974754662","102.9706772465","102.3234998894","104.6799553771","103.1954562566","103.2973144255","104.0595087934","103.1443449676","104.8028907266","102.7500055452","102.4234844307","103.5131770045",
"Jun 2019","103.299","103.5255617309","103.6749459252","104.5136755278","102.795806309","103.3642726847","102.5812081067","104.7368659776","103.7819955691","102.5989105629","103.8728486405","101.514188101","105.7887740539","101.6841338968","100.8401418316","103.656780159",
"Jul 2019","103.687","103.794405179","103.8308325223","104.816924837","102.7972302547","103.755074837","102.8080932558","104.8947495309","104.3692462772","103.3560299485","105.9496123281","104.4162581306","107.1951464886","101.4936563496","100.4030292824","104.0427578117",
"Ago 2019","103.67","104.0053856573","104.1462713723","105.0073897636","103.2436642751","103.8532723583","103.0303733689","106.1535355289","104.1124974289","102.631561179","104.3644132348","103.0621868264","105.4222037173","101.3872521704","100.0287461109","104.5624619986",
"Sep 2019","103.942","104.3153131489","104.5469023847","105.4157521276","103.6361914391","104.0652679073","103.2415694657","108.3983175428","103.8992766415","102.7888058711","104.3387620243","103.3892203077","105.110068906","101.6758289163","100.3549015845","104.763206714",
"Oct 2019","104.503","104.5720279923","104.8149358752","105.7475867654","103.8373498412","104.3097620884","103.4449186196","108.4020905806","104.2312703227","104.2911341161","104.4521795832","103.8127272694","104.971602755","104.1754922038","103.6647837849","105.3691610725",
"Nov 2019","105.346","104.8036582209","104.9401762348","106.0072027938","103.821740309","104.6562606976","103.6189151945","108.4020905806","104.8057490437","107.0232764361","106.3787289647","106.7842827338","106.0493001386","107.4861066139","108.2103502161","105.7933461084",
"Dic 2019","105.934","105.2337944143","105.2163448694","106.3819520571","103.9945786976","105.2526345631","103.8571773797","108.4020905806","105.8496436947","108.0965882528","108.2689635822","110.3687370919","106.5633305069","107.9728107066","108.8413839371","105.9427113644",
"Ene 2020","106.447","105.5770987249","105.9120250459","107.5603410785","104.1842931048","105.2154811715","104.1236033362","108.8393532119","105.4396424508","109.1354567423","110.250184389","115.4901168128","105.9938195889","108.3350043043","108.7460954164","107.374169032",
"Feb 2020","106.889","105.9614303519","106.3302679851","108.0329671523","104.5455327287","105.5631989972","104.4251195875","109.3479042017","105.795275349","109.7541577043","112.172526818","118.8119079975","106.7793984222","108.0175994884","108.1251247782","107.7662827169",
"Mar 2020","106.838","106.272453486","106.7060405548","108.5144161824","104.8105373435","105.8043126287","104.7211108156","109.398227152","106.0269362837","108.5864782177","113.630131852","119.7173396357","108.6855305013","104.9647820477","103.6120784786","108.1264298277",
"Abr 2020","105.755","106.6539270353","107.3826180333","109.704282411","104.9490958067","105.8671645764","104.972628579","109.398227152","105.9330215431","102.9761439739","112.7305629644","114.7855091834","111.0613428209","95.9717887069","90.7145103408","108.259523326",
"May 2020","106.162","106.9723900602","107.8813863882","110.9891436543","104.6238972979","105.9909532259","105.0577361715","109.398227152","106.1175890805","103.6592519374","114.2445998953","121.5306469266","108.3261888154","96.058231539","90.8099806428","108.3248664277",
"Jun 2020","106.743","107.36589627","108.5327339713","111.3986328134","105.5287560499","106.106069949","105.1320660844","109.4000795554","106.2931762013","104.816118302","111.8623259754","114.8521104098","109.4337425135","99.7564482306","96.2363157808","107.983985438",
"Jul 2020","107.444","107.7909717339","109.2237832744","112.0397199576","106.27217469","106.2439753611","105.2516761327","109.4190050475","106.4724909822","106.3710245466","111.8254427547","113.2199936139","110.6926576902","102.4543706749","99.9891390165","108.2163087507",
"Ago 2020","107.867","108.1324538714","109.73238854","112.3972774788","106.9391051842","106.4050158523","105.3805687125","109.4595298526","106.6877399904","107.045863133","112.8107892935","116.5837732539","109.7460176855","102.9062428281","100.2944409952","109.0107565263",
"Sep 2020","108.114","108.4737242942","110.1923293034","112.7818464327","107.4780491728","106.6181587572","105.5080435175","110.7414781462","106.7540961033","107.0037321211","112.854011543","116.5832696725","109.8247581579","102.8028222031","99.9600166051","109.4472565147",
"Oct 2020","108.774","108.7334478102","110.5150064612","113.0717600905","107.8350683768","106.8099116762","105.6360060087","110.6919932517","107.05385409","108.9008480818","114.4920271591","120.6719679272","109.4720993768","104.8859903381","102.9289991579","109.4600278153",
"Nov 2020","108.856","108.6418313236","110.176590648","113.2083211573","106.9987912854","106.9847626576","105.787160891","110.6919932517","107.2866858717","109.515970609","114.0375545595","116.9255490447","111.6916544457","106.2691569967","104.9075512437","109.4516116783",
"Dic 2020","109.271","109.2367108017","111.0250530065","113.6206698139","108.304379315","107.3058505133","105.9393063914","110.6919932517","107.8272231439","109.3765880751","112.5544164366","110.4800231978","114.2394332745","107.0946849866","106.0884157974","109.4466184189",
"Ene 2021","110.21","109.6288967959","111.6368214828","114.4009685353","108.7394977547","107.460954872","106.1443576654","110.5704692582","107.9953018491","112.0061653234","113.1606108814","110.9966000778","114.9184235146","111.1771926462","111.6377530467","110.1007337671",
"Feb 2021","110.907","110.0609027981","112.2158908525","114.885542337","109.4176154914","107.734177608","106.356584936","110.613089387","108.3717837271","113.5238844608","112.9143143136","108.627647428","116.3963473944","113.9615984728","115.5136511404","110.3340159168",
"Mar 2021","111.824","110.653978256","112.887454931","115.5515224252","110.0950325971","108.2425094637","106.5988421793","110.6214872956","109.2245287872","115.442104551","114.3521769478","109.158402801","118.571047664","116.2247488229","118.6914165268","110.4594543058",
"Abr 2021","112.19","111.0609307746","113.3890684551","116.149760254","110.495366455","108.5472571715","106.7905976677","110.6219474634","109.6948099272","115.6799126175","117.3337714063","113.837328474","120.1739104423","114.4923263011","116.13530329","110.6522280945",
"May 2021","112.419","111.6442229006","114.0914770803","117.0871430225","110.9514798766","109.0019400655","107.0145525315","110.6237106389","110.4522173834","114.8140208018","119.5766702617","117.1197886908","121.5723800133","111.3941052885","111.6624752848","110.7668493085",
"Jun 2021","113.018","112.2811333585","114.8335563302","117.9777630097","111.5378616928","109.5253005306","107.2137428532","110.6560470695","111.370452303","115.2945339442","119.6325871188","117.8922610533","121.0462432515","112.179508269","112.7173232666","110.9224837207",
"Jul 2021","113.682","112.8150767927","115.4941159398","118.9162913695","111.9070600107","109.9225373859","107.4483587287","110.7636681125","111.9748503048","116.3633905867","120.5163483095","118.8671250686","121.8560021794","113.3812763954","114.4006964586","110.9986056808",
"Ago 2021","113.899","113.2966539131","116.3032075696","119.7142198079","112.7278526747","110.0504994328","107.6629089807","111.5571547527","111.8853705241","115.7589572093","122.9053954802","123.5131490618","122.411720993","110.6273145567","110.3920216787","111.1772600308",
"Sep 2021","114.601","113.8153930916","117.0902617837","120.5256616485","113.4893442659","110.2795407863","107.8919591872","113.0006274583","111.8599401138","117.0304510176","124.6006985911","127.5206434619","122.2288453761","111.5944836355","111.6408758558","111.4860520001",
"Oct 2021","115.561","114.3779644277","117.7881055314","121.1677404947","114.2456396695","110.6960594671","108.1343380894","113.0021398486","112.5202687052","119.2169106442","124.8244457933","127.5781042911","122.5876659737","115.1903080968","116.7612793204","111.5185075671",
"Nov 2021","116.884","114.7990637102","118.1569167704","121.799433192","114.3389038146","111.1736137763","108.3906928849","113.0021398486","113.2971267581","123.3273754209","130.4172141592","137.740181365","124.4688130492","118.2363751925","121.0719796181","111.6087720413",
"Dic 2021","117.308","115.7207053553","119.2364344229","122.8329254908","115.4666643237","111.9247978253","108.6276092229","113.0021398486","114.6689233235","122.212430937","130.3184536687","134.4924446067","126.9279465653","116.3917395079","118.2843338834","111.9682154316",
"Ene 2022","118.002","116.4327212899","120.4154640182","124.4224362746","116.2154357364","112.1325824504","108.9160347513","113.5939347206","114.7236096373","122.8511488035","130.498596583","131.4691956575","129.7101849392","117.3597462725","119.1765274246","113.1134189709",
"Feb 2022","118.981","117.3165851325","121.5769814313","125.686362046","117.2696107538","112.7166657187","109.2471894461","114.1410960062","115.5432487097","124.1240946279","131.1707200104","129.9152353866","132.1905424294","119.0641246123","121.2561106215","113.9408382855",
"Mar 2022","120.159","118.1558694559","122.7028388184","127.19654666","117.9926240185","113.2465391548","109.4966716603","114.1417707745","116.4365626303","126.3506096956","132.7893098877","131.373090309","133.9396963195","121.7271724979","124.9027109558","114.3050481352",
"Abr 2022","120.809","119.0742421729","123.9638045863","128.7907215499","118.9043266405","113.7950166049","109.7330014911","114.1417707745","117.3811239339","126.1721801965","134.1780327062","131.8679985857","136.0544591793","120.4234179948","122.9935764428","114.4162365715",
"May 2022","121.022","119.7740259149","124.9660934597","130.2812335513","119.3948697831","114.1681877201","110.0556669532","114.210954511","117.8634822932","124.8791473124","135.2194485617","132.2067347428","137.6666574213","117.4540875945","118.6975062065","114.5478694224",
"Jun 2022","122.044","120.696375742","126.2179439423","131.9450675246","120.2148873999","114.7347780459","110.4009654421","114.3089782606","118.7275762914","126.2111436247","137.5968511082","134.8626205386","139.8178497415","118.0354090928","119.1219819437","115.4957834717",
"Jul 2022","122.948","121.4473270209","127.1298632573","133.2923962021","120.6704193182","115.3119332876","110.6966400669","114.387832432","119.662679189","127.5870911977","139.8562538231","138.0786490559","141.3001912153","118.7769740661","119.7527770669","116.4962486643",
"Ago 2022","123.803","122.4172935096","128.5772202943","135.2002010711","121.6351441348","115.7664646156","111.0184283955","115.6660244192","120.0641913056","128.0838414342","141.2205473596","142.2575016294","140.3782357998","118.6507675189","119.3790288302","116.9486165001",
"Sep 2022","124.571","123.239175459","129.780706644","136.6564301165","122.5737106393","116.1763310231","111.2884858048","118.0716102448","120.1818177118","128.6889198504","143.3556554841","145.6028422657","141.5302795168","118.1571775616","118.515992264","117.3185269265",
"Oct 2022","125.276","124.0132188462","130.9159958963","138.0701464386","123.4171581985","116.5603398333","111.5316905292","118.0716102448","120.7731150933","129.1797277258","142.6102097847","143.6974683028","141.7270363942","119.5357019936","120.3801975086","117.5618790281",
"Nov 2022","125.997","124.5740211754","131.4805498603","138.9629977","123.637597493","117.1170915492","111.7595037411","118.0716102448","121.7428083883","130.3963954565","142.0149753997","142.4791808421","141.6379041811","122.0534422064","123.8430038153","117.8707346143",
"Dic 2022","126.478","125.378873518","132.4546216661","140.1974347113","124.338759691","117.7392388477","112.0717248705","118.0716102449","122.7744749069","129.874777171","142.7269062881","144.1992873296","141.5309002464","120.6460493134","121.7312718069","118.1095798562",
"Ene 2023","127.336","126.2750845637","133.6555010607","141.9456256606","124.9659580463","118.3065016562","112.600544855","118.6787004423","123.3680190147","130.6161070425","143.4550808675","144.8443124596","142.3266166109","121.3968256049","122.1834140714","119.5583476592",
"Feb 2023","128.046","127.0465123709","134.5243840512","142.9098728788","125.7348821581","118.972707799","112.9949531462","119.6512064497","124.2148606158","131.1365644593","143.3551315719","140.4655228346","145.7023429328","122.3627784456","123.0737249001","120.7010971055",
"Mar 2023","128.389","127.7123939566","135.1244558887","143.6630004869","126.1745239941","119.7096436991","113.3693181205","119.707770117","125.420934315","130.4801958168","142.4004703271","139.0230364858","145.1439390121","121.9206047606","122.0739353339","121.5622281897",
"Abr 2023","128.363","128.206218368","135.7943057159","144.4299284644","126.7426184432","120.0134147279","113.755956949","119.707770117","125.7137142779","128.8488576172","142.3998319987","136.7895403027","146.9570373519","119.1183099677","117.8105404295","122.1749343099",
"May 2023","128.084","128.6211298093","136.2678729516","145.1837810584","126.9223961651","120.3649959275","114.099707724","119.7837891563","126.1300879913","126.424217308","141.9156079199","137.1357485728","145.7982581963","115.3003150509","112.1949645665","122.5583904265",
"Jun 2023","128.214","129.0076188744","136.6489711263","145.7902173177","127.0672994605","120.7573054984","114.44305933","119.8491841895","126.6349947659","125.7620878593","141.5782851581","140.2245078538","142.6779501153","114.4049516772","110.8430893321","122.7300233585",
"Jul 2023","128.832","129.5114039178","137.0716865417","146.3431792451","127.3534930836","121.3486208395","114.7483267138","120.0141587881","127.5732936028","126.7338830942","144.2737730258","147.9400367161","141.2956896352","114.13901501","110.3830707427","122.9177105986",
"Ago 2023","129.545","129.8637727619","137.4003326305","146.6050133568","127.7521701522","121.7266029728","115.0031645696","122.0162835807","127.721883081","128.5612808085","146.7850227197","153.8550410327","141.0420904357","115.4753591598","112.2238122845","123.0751365202",
"Sep 2023","130.12","130.333655136","137.8228805634","147.0043585924","128.199038689","122.2475920044","115.270425812","125.8548072039","127.7762774887","129.4590670695","148.011892217","155.4249790506","141.990287489","116.136840634","113.0535815702","123.343282161",
"Oct 2023","130.609","130.8367707205","138.293379652","147.6719392649","128.4629607979","122.7859233863","115.6211614431","125.864071815","128.5944383964","129.9049874626","144.9231786454","150.5559551674","140.3477090065","119.1208755013","117.2572577597","123.476673054",
"Nov 2023","131.445","131.1825241256","138.4852450323","148.3824344489","128.1112087773","123.2978285912","115.943803272","125.864071815","129.3840792815","132.2563505369","146.0635093905","150.4385763678","142.5096694602","122.3418445133","121.8144737545","123.5744579452",
"Dic 2023","132.373","131.7577790545","138.9284339736","148.9601848764","128.4133530565","124.0156742225","116.1557981475","125.864071815","130.7079705481","134.2737308581","150.8072523197","161.0454544125","142.4908238853","122.4015057421","121.8006310024","123.8059186012",
"Ene 2024","133.555","132.2912210303","139.4923555195","149.8094389953","128.6781946988","124.5162076244","116.7025108806","126.5475534605","131.1285752654","137.4621090251","157.4456151743","176.3944933386","142.0535582745","123.112553538","122.4404001688","124.6835645534",
"Feb 2024","133.681","132.945408001","140.0519061549","150.4127733729","129.1918520903","125.2725727693","117.2109092387","127.2998525606","132.1091425899","135.9543432292","150.1980251649","161.5306004951","140.9926440975","125.726383093","125.8755427594","125.3777551017",
"Mar 2024","134.065","133.524017418","140.3658560276","150.8610046578","129.3650508689","126.1369332036","117.6585995234","127.3195888042","133.5257856696","135.7383625614","149.4026927701","156.0472175588","144.0053862524","125.9264174974","126.0360596318","125.6701530661",
"Abr 2024","134.336","133.8030322674","140.7810273919","151.3415581399","129.7116900032","126.2689408376","117.9952547181","127.3195888042","133.501121855","135.9833900457","152.8699748345","162.1951346259","145.295205032","123.8576407601","122.9701494959","125.9319568553",
"May 2024","134.087","134.035346832","140.8791859672","151.7094757937","129.5270925009","126.6461026643","118.4514128881","127.3833176099","133.8728042476","134.2464028702","153.8894320916","162.5771431026","146.8324580032","120.1413336375","117.5949209442","126.0930145695",
"Jun 2024","134.594","134.3293134629","141.1344801399","151.9380434355","129.8104008893","126.9818236718","118.8710302687","127.4598361365","134.1872691319","135.4124670338","156.2519845793","167.888629948","146.7996092943","120.4482354766","117.850064927","126.5208890408",
"Jul 2024","136.003","134.753021593","141.3023737451","152.2456863125","129.8318120993","127.6817329149","119.294139735","127.651170709","135.2430625364","139.8659059224","164.0689865307","182.7800100522","148.8701374908","122.4864007668","120.5033364563","127.121378465",
"Ago 2024","136.013","135.0531429592","141.5507239072","152.6634160747","129.9387039779","128.0326253054","119.6031209289","129.4518062763","135.419879944","138.886021438","160.6567827056","173.2608539652","149.678609601","123.068903472","121.1052583671","127.6507337597",
"Sep 2024","136.08","135.4333585024","141.8419490031","152.7602552316","130.3629096402","128.4859398181","119.9409531232","133.1382867448","135.5305942012","137.879202771","158.0139705433","167.3112299161","149.2830633246","123.1114069053","120.8799731668","128.1919525949",
"Oct 2024","136.828","135.8125022983","142.1822207587","153.2954920904","130.5537765629","128.8948113588","120.2290152384","133.1533420631","136.1233933576","139.8858081224","160.7508782076","174.4935835429","149.0119765557","124.6265994929","123.2327904822","128.159614082",
"Nov 2024","137.424","135.875584854","141.7980535318","153.6617121901","129.6375075192","129.3443794732","120.5323909741","133.1533422082","136.7922549613","142.3076136099","161.7517937666","175.7281665696","149.8410503827","127.9110759587","128.2150291798","128.3090429619",
"Dic 2024","137.949","136.56745187","142.3661465923","154.3235596043","130.123503503","130.1362319492","120.8131421768","133.1533422082","138.2491554015","142.25720724","160.7159934648","170.7806790304","151.4300889672","128.4844865457","128.7788853597","128.9045557681",
"Ene 2025","138.343","137.1340065789","143.3200062013","155.4944282702","130.8964886624","130.3616797108","121.2153293187","133.6074516246","138.2445691238","142.0598009889","158.3195442619","162.7650093317","152.8188314641","129.6804683762","130.2019025909","129.6870007634",
"Feb 2025","138.726","137.7926578477","143.902296699","156.0941199401","131.4514552686","131.0796191635","121.6113586461","134.5945435381","139.2683991523","141.4994414695","156.0391020771","152.5817192185","155.8444045458","130.2160071889","130.5806780071","130.5183346868",
"Mar 2025","139.161","138.3860988941","144.5468705767","157.1277549031","131.7987587495","131.6226645808","121.9413726655","134.7683135085","140.0914786649","141.3880774793","156.681933442","152.484142016","156.9706279081","129.6294042374","129.4623519476","130.9169295205",
"Abr 2025","139.62","139.0654947674","145.5414301864","158.0356412169","132.8306949987","132.022232028","122.2934011926","134.7683135085","140.595372141","141.091894862","159.1889759442","158.2195506056","157.284886057","127.5650944262","126.0082392267","131.4237009978",
"May 2025","140.012","139.4760522539","146.0563290279","158.7326554914","133.2010413475","132.3382275141","122.6311366415","134.8221214051","140.9209281257","141.4188906124","164.2951838673","162.6447220308","162.7633866469","124.8653264472","121.7144815909","131.670249272",
"Jun 2025","140.405","140.0255596335","146.6503654482","159.3710188422","133.7480136343","132.8435096858","123.0279117539","134.8839159994","141.6024741662","141.2771001233","164.1324807474","160.3796813196","164.0050916715","124.7388533712","121.3480675665","131.9893897872",

"Fuente: INEGI. Índices de precios. ",
"Atención a usuarios: atencion.usuarios@inegi.org.mx",
"Fecha de consulta: 24/07/2025 19:47:04",