"Instituto Nacional de Estadística y Geografía",
"Índice Nacional de Precios al Consumidor y sus Componentes",

"Título"," Índice Nacional de Precios al Consumidor. Base segunda quincena Julio 2018. Actualización de Canasta y Ponderadores 2024 (quincenal), Resumen, Principales índices (Quincenal), Precios al Consumidor (INPC)"," Índice Nacional de Precios al Consumidor. Base segunda quincena Julio 2018. Actualización de Canasta y Ponderadores 2024 (quincenal), Resumen, Principales índices (Quincenal), Precios al Consumidor (INPC), Subyacente"," Índice Nacional de Precios al Consumidor. Base segunda quincena Julio 2018. Actualización de Canasta y Ponderadores 2024 (quincenal), Resumen, Subíndices subyacente y complementarios, Precios al Consumidor (INPC), Subyacente, Mercancías"," Índice Nacional de Precios al Consumidor. Base segunda quincena Julio 2018. Actualización de Canasta y Ponderadores 2024 (quincenal), Resumen, Subíndices subyacente y complementarios, Precios al Consumidor (INPC), Subyacente, Mercancías, Alimentos, bebidas y tabaco"," Índice Nacional de Precios al Consumidor. Base segunda quincena Julio 2018. Actualización de Canasta y Ponderadores 2024 (quincenal), Resumen, Subíndices subyacente y complementarios, Precios al Consumidor (INPC), Subyacente, Mercancías, Mercancías no alimenticias"," Índice Nacional de Precios al Consumidor. Base segunda quincena Julio 2018. Actualización de Canasta y Ponderadores 2024 (quincenal), Resumen, Subíndices subyacente y complementarios, Precios al Consumidor (INPC), Subyacente, Servicios"," Índice Nacional de Precios al Consumidor. Base segunda quincena Julio 2018. Actualización de Canasta y Ponderadores 2024 (quincenal), Resumen, Subíndices subyacente y complementarios, Precios al Consumidor (INPC), Subyacente, Servicios, Vivienda"," Índice Nacional de Precios al Consumidor. Base segunda quincena Julio 2018. Actualización de Canasta y Ponderadores 2024 (quincenal), Resumen, Subíndices subyacente y complementarios, Precios al Consumidor (INPC), Subyacente, Servicios, Educación (colegiaturas)"," Índice Nacional de Precios al Consumidor. Base segunda quincena Julio 2018. Actualización de Canasta y Ponderadores 2024 (quincenal), Resumen, Subíndices subyacente y complementarios, Precios al Consumidor (INPC), Subyacente, Servicios, Otros servicios"," Índice Nacional de Precios al Consumidor. Base segunda quincena Julio 2018. Actualización de Canasta y Ponderadores 2024 (quincenal), Resumen, Subíndices subyacente y complementarios, Precios al Consumidor (INPC), No subyacente"," Índice Nacional de Precios al Consumidor. Base segunda quincena Julio 2018. Actualización de Canasta y Ponderadores 2024 (quincenal), Resumen, Subíndices subyacente y complementarios, Precios al Consumidor (INPC), No subyacente, Agropecuarios"," Índice Nacional de Precios al Consumidor. Base segunda quincena Julio 2018. Actualización de Canasta y Ponderadores 2024 (quincenal), Resumen, Subíndices subyacente y complementarios, Precios al Consumidor (INPC), No subyacente, Agropecuarios, Frutas y verduras"," Índice Nacional de Precios al Consumidor. Base segunda quincena Julio 2018. Actualización de Canasta y Ponderadores 2024 (quincenal), Resumen, Subíndices subyacente y complementarios, Precios al Consumidor (INPC), No subyacente, Agropecuarios, Pecuarios"," Índice Nacional de Precios al Consumidor. Base segunda quincena Julio 2018. Actualización de Canasta y Ponderadores 2024 (quincenal), Resumen, Subíndices subyacente y complementarios, Precios al Consumidor (INPC), No subyacente, Energéticos y tarifas autorizadas por el gobierno"," Índice Nacional de Precios al Consumidor. Base segunda quincena Julio 2018. Actualización de Canasta y Ponderadores 2024 (quincenal), Resumen, Subíndices subyacente y complementarios, Precios al Consumidor (INPC), No subyacente, Energéticos y tarifas autorizadas por el gobierno, Energéticos"," Índice Nacional de Precios al Consumidor. Base segunda quincena Julio 2018. Actualización de Canasta y Ponderadores 2024 (quincenal), Resumen, Subíndices subyacente y complementarios, Precios al Consumidor (INPC), No subyacente, Energéticos y tarifas autorizadas por el gobierno, Tarifas autorizadas por el gobierno",
"Periodo disponible","1Q Ene 1988-1Q Jun 2025","1Q Ene 1988-1Q Jun 2025","1Q Ene 1988-1Q Jun 2025","1Q Ene 1988-1Q Jun 2025","1Q Ene 1988-1Q Jun 2025","1Q Ene 1988-1Q Jun 2025","1Q Ene 1988-1Q Jun 2025","1Q Ene 1988-1Q Jun 2025","1Q Ene 1988-1Q Jun 2025","1Q Ene 1988-1Q Jun 2025","1Q Ene 1988-1Q Jun 2025","1Q Ene 1988-1Q Jun 2025","1Q Ene 1988-1Q Jun 2025","1Q Ene 1988-1Q Jun 2025","1Q Ene 1988-1Q Jun 2025","1Q Ene 1988-1Q Jun 2025",
"Periodicidad","Quincenal","Quincenal","Quincenal","Quincenal","Quincenal","Quincenal","Quincenal","Quincenal","Quincenal","Quincenal","Quincenal","Quincenal","Quincenal","Quincenal","Quincenal","Quincenal",
"Cifra","Índices","Índices","Índices","Índices","Índices","Índices","Índices","Índices","Índices","Índices","Índices","Índices","Índices","Índices","Índices","Índices",
"Unidad","Sin Unidad","Sin Unidad","Sin Unidad","Sin Unidad","Sin Unidad","Sin Unidad","Sin Unidad","Sin Unidad","Sin Unidad","Sin Unidad","Sin Unidad","Sin Unidad","Sin Unidad","Sin Unidad","Sin Unidad","Sin Unidad",
"Base","Índice base segunda quincena de julio 2018 = 100","Índice base segunda quincena de julio 2018 = 100","Índice base segunda quincena de julio 2018 = 100","Índice base segunda quincena de julio 2018 = 100","Índice base segunda quincena de julio 2018 = 100","Índice base segunda quincena de julio 2018 = 100","Índice base segunda quincena de julio 2018 = 100","Índice base segunda quincena de julio 2018 = 100","Índice base segunda quincena de julio 2018 = 100","Índice base segunda quincena de julio 2018 = 100","Índice base segunda quincena de julio 2018 = 100","Índice base segunda quincena de julio 2018 = 100","Índice base segunda quincena de julio 2018 = 100","Índice base segunda quincena de julio 2018 = 100","Índice base segunda quincena de julio 2018 = 100","Índice base segunda quincena de julio 2018 = 100",
"Aviso","Las desagregaciones del INPC solo tienen valor informativo.Las desagregaciones del INPC solo tienen valor informativo.
  ","Las desagregaciones del INPC solo tienen valor informativo.Las desagregaciones del INPC solo tienen valor informativo.
  ","Las desagregaciones del INPC solo tienen valor informativo.Las desagregaciones del INPC solo tienen valor informativo.
  ","Las desagregaciones del INPC solo tienen valor informativo.Las desagregaciones del INPC solo tienen valor informativo.
  ","Las desagregaciones del INPC solo tienen valor informativo.Las desagregaciones del INPC solo tienen valor informativo.
  ","Las desagregaciones del INPC solo tienen valor informativo.Las desagregaciones del INPC solo tienen valor informativo.
  ","Las desagregaciones del INPC solo tienen valor informativo.Las desagregaciones del INPC solo tienen valor informativo.
  ","Las desagregaciones del INPC solo tienen valor informativo.Las desagregaciones del INPC solo tienen valor informativo.
  ","Las desagregaciones del INPC solo tienen valor informativo.Las desagregaciones del INPC solo tienen valor informativo.
  ","Las desagregaciones del INPC solo tienen valor informativo.Las desagregaciones del INPC solo tienen valor informativo.
  ","Las desagregaciones del INPC solo tienen valor informativo.Las desagregaciones del INPC solo tienen valor informativo.
  ","Las desagregaciones del INPC solo tienen valor informativo.Las desagregaciones del INPC solo tienen valor informativo.
  ","Las desagregaciones del INPC solo tienen valor informativo.Las desagregaciones del INPC solo tienen valor informativo.
  ","Las desagregaciones del INPC solo tienen valor informativo.Las desagregaciones del INPC solo tienen valor informativo.
  ","Las desagregaciones del INPC solo tienen valor informativo.Las desagregaciones del INPC solo tienen valor informativo.
  ","Las desagregaciones del INPC solo tienen valor informativo.Las desagregaciones del INPC solo tienen valor informativo.
  ",
"Tipo de información","Índices","Índices","Índices","Índices","Índices","Índices","Índices","Índices","Índices","Índices","Índices","Índices","Índices","Índices","Índices","Índices",
"Fecha"," 821890 "," 821891 "," 821894 "," 821895 "," 821896 "," 821897 "," 821898 "," 821899 "," 821900 "," 821901 "," 821902 "," 821903 "," 821904 "," 821905 "," 821906 "," 821907 ",
"1Q Ene 1988","4.63698010645697","4.98607410797113","5.83080697831942","3.94764834845073","7.96253023442838","3.64425423466707","2.81613315455202","1.69690996582397","4.43399212914797","3.67514702660267","4.15061744643401","2.94066879890409","4.96667594695029","3.30065682705618","3.17124524511035","3.51440276409599",
"2Q Ene 1988","4.7995115679826","5.1857146403146","6.11019433554054","4.19903812415656","8.24815577053848","3.72592733872362","2.89272316385413","1.72896800313596","4.52643866863051","3.74808632398923","4.28128739481217","2.95347037030535","5.17964464779539","3.32193058259646","3.17124524511035","3.57767544029442",
"1Q Feb 1988","5.04170434399378","5.51737180547164","6.56127609896905","4.46106449405622","8.93098612869342","3.87987287926714","3.00627782972402","1.85004083915447","4.71064259953297","3.78002321831315","4.31798361201759","2.93882512463251","5.25239581437007","3.35003843430979","3.17124524511035","3.66127417286269",
"2Q Feb 1988","5.18186463725885","5.71140031769275","6.77171898202357","4.58335505233169","9.24947323488515","4.04470768645133","3.18675492568543","1.89605773077073","4.88481139463313","3.79379253797711","4.34238159338015","2.87571306820775","5.33863895984449","3.35430137962347","3.17124759712265","3.67394840508366",
"1Q Mar 1988","5.3323751509969","5.91085826496056","7.00887862800587","4.6992122423411","9.6422323835072","4.18501946614836","3.38289289482465","1.90437167464383","5.01272547502835","3.82857220737139","4.41306199795505","2.95473768002761","5.40267495343449","3.35677641704263","3.16900032377404","3.68577586761255",
"2Q Mar 1988","5.41472154445054","5.98846954860874","7.08673259481315","4.74165033780953","9.76437807821695","4.25979837731382","3.43353609946987","1.90763407126475","5.11172681803409","3.91841413300069","4.59820083731577","3.21452356075671","5.53295081544118","3.36082597765039","3.1690115480289","3.69779781583549",
"1Q Abr 1988","5.52664266068123","6.10176532477355","7.1836375053336","4.78641073920445","9.92883704192077","4.39238365284812","3.63973317676677","1.91319727339781","5.22100671350764","4.02296208113597","4.82774693082817","3.59563096372506","5.65260288637712","3.35262195038862","3.15515098842681","3.70094342044579",
"2Q Abr 1988","5.55124042925206","6.14185543861431","7.21717606834556","4.80690714416909","9.97804328105427","4.44035078913394","3.71910435711631","1.91819350436163","5.25745145676848","4.01181533012251","4.8039505642143","3.48237198884377","5.69253055487511","3.35287611660772","3.15515098842681","3.70169936487162",
"1Q May 1988","5.61551343857053","6.22139637947155","7.2628669927827","4.82480794666566","10.0605232620408","4.5646884125444","3.94949935075228","1.97447960379344","5.33245946395413","4.03932820506273","4.87346904838156","3.59033116746854","5.73406080920426","3.34237222502123","3.13690421385712","3.70672173686548",
"2Q May 1988","5.6767040207502","6.25855417789049","7.28504943237415","4.83460900384999","10.0988552285911","4.62160117832138","4.02442769004494","1.97801329717754","5.38695871469387","4.15216681432363","5.10889229008355","4.0965676988748","5.77491164369806","3.34480702765741","3.13690421385712","3.71396335805283",
"1Q Jun 1988","5.73970986758444","6.31397874920775","7.30791315808201","4.84018412176207","10.1453405388691","4.7207936812865","4.21513012479743","1.98777462355641","5.44726717263492","4.22979306426827","5.27252467025183","4.29923267427948","5.90917233190662","3.34494769586046","3.13690421385712","3.71438173522256",
"2Q Jun 1988","5.78287420863258","6.3375573779602","7.30967931436203","4.85018516539656","10.1341833979709","4.77412763269661","4.28264600431531","2.00532429917117","5.49809495553661","4.31530417086495","5.45294619582775","4.37751733364515","6.16022060626667","3.3449485512439","3.13690421385712","3.71438427931575",
"1Q Jul 1988","5.84476520114715","6.3791802804182","7.30743472024383","4.86783530237153","10.1015774498475","4.87577824184669","4.49645095750284","2.04203664771047","5.54609114732982","4.42034456082165","5.67441193985805","4.34097178381398","6.5624975112327","3.3450970558843","3.13690421385712","3.71482596371951",
"2Q Jul 1988","5.87015093134428","6.39589638999336","7.31196414003942","4.88068622765385","10.0926850750495","4.9090049428202","4.56470347298506","2.04937183126761","5.56329420889219","4.46423023604108","5.76678812181122","4.30592258587699","6.7443458771072","3.34529812230463","3.13690421385712","3.71542397804075",
"1Q Ago 1988","5.90897086331811","6.45232403884365","7.33782424541126","4.8858696199674","10.1469920359091","5.00637994647429","4.7573010867774","2.06058488339847","5.61922484695577","4.46200360257914","5.76115139754576","4.25069183203507","6.77395753870524","3.34615787294038","3.13781297463121","3.71617501108674",
"2Q Ago 1988","5.91371728305788","6.45033805610078","7.3066664545123","4.84503252718845","10.1348659343251","5.0452651341682","4.82655931563487","2.10297446449234","5.64117171121772","4.48169509068575","5.80267351219986","4.39757818156452","6.74029075991062","3.34618127376926","3.13781297463121","3.71624461013185",
"1Q Sep 1988","5.94498241923869","6.47333925875374","7.24650675443366","4.79828266711515","10.0619885284091","5.18385829180934","5.02402382877379","2.976358100262","5.65710038921097","4.53032968815005","5.90275004062501","4.55916415664253","6.79569722034512","3.34850684014449","3.13781297463121","3.72316133943038",
"2Q Sep 1988","5.94529843277691","6.45872802751663","7.20098287336863","4.80374620435755","9.94390640103751","5.21295895685166","5.08037716926406","2.99669092497757","5.67237566810692","4.56416570507305","5.97330365667773","4.65307052608525","6.84895803485878","3.34927438779235","3.13781297463121","3.72544418947496",
"1Q Oct 1988","5.97352673065689","6.4978411893864","7.19933887682482","4.80826765292066","9.93297859646731","5.30782950003986","5.29311795361743","3.00619738696828","5.71275542208022","4.56686248421217","5.96287797769333","4.56921825074203","6.89074075989382","3.36403493509595","3.15499754212167","3.73519302106683",
"2Q Oct 1988","6.00744897083734","6.51650441400638","7.20064436293684","4.81705313419172","9.92258493030825","5.35017436606544","5.35616921157475","3.00799561428945","5.74925072908378","4.63377051463433","6.10368863521549","4.55191538907644","7.14230330240399","3.36436522298558","3.15499754212167","3.73617536753996",
"1Q Nov 1988","6.0572584031312","6.55022273234279","7.20727095558151","4.83001653183709","9.91857112949357","5.42070727305785","5.52817701117362","3.00830059897452","5.77223633858611","4.71782638484698","6.26981170074824","4.67306555362739","7.33863737483761","3.37464994272729","3.16927321256807","3.73839320429872",
"2Q Nov 1988","6.08405168871251","6.57422898755291","7.22089557838247","4.85117035852253","9.91879344945185","5.45846492952302","5.5916956609499","3.01045379150492","5.80055403796476","4.74986277213367","6.33628701863643","4.71816530564583","7.41959973690757","3.37567504957867","3.16971317898985","3.7405677120236",
"1Q Dic 1988","6.17614580469605","6.6666101168823","7.30127271763288","4.95615831626837","9.95062765105805","5.5646707008791","5.79701707261907","3.01075634168531","5.86575027001954","4.83778627630957","6.52059782721799","5.02567677021169","7.51460361576013","3.37677564639933","3.16971317898985","3.74384112118348",
"2Q Dic 1988","6.21848954665395","6.70013155188608","7.30789685955198","4.99062891638434","9.91346526409095","5.63474106377929","5.87301352519916","3.01075634168531","5.94264889378622","4.89832263409153","6.64695026293925","5.26037579361235","7.5627825289612","3.37803506934886","3.16971317898985","3.74758691305052",
"1Q Ene 1989","6.32110225097887","6.85072948674322","7.3876263657677","5.12001849464027","9.90613638592464","5.87963702353781","6.15092021491336","3.12927278699475","6.18957169132381","4.88920615265138","6.61243235285707","5.23914468663099","7.51919000336616","3.39203273282629","3.16971280761942","3.78921968109796",
"2Q Ene 1989","6.3769465057508","6.94168829008685","7.44178121886284","5.19513802965292","9.92083089465237","6.01915791560139","6.24196524279574","3.19866809359008","6.36832280368258","4.8640199544684","6.53654567967738","5.10885937846787","7.48268010753784","3.41286564449976","3.16971280761942","3.85118119382383",
"1Q Feb 1989","6.42562657818529","7.01748166647807","7.46065436911341","5.20292896201153","9.95428870114898","6.17214042350484","6.48272800038199","3.27443450290598","6.48411496181043","4.84991845216","6.50538116229364","4.96516733212708","7.53168134476063","3.41415830031321","3.16872471328964","3.85698954112059",
"2Q Feb 1989","6.44474021672276","7.05274562236684","7.4668784353122","5.20556730923244","9.96521619439365","6.24689453750252","6.55365067414543","3.28111679694652","6.57109873281696","4.83201359549202","6.46628881008213","4.79163003728841","7.58838795401168","3.41536213370361","3.16872471328964","3.86056999780894",
"1Q Mar 1989","6.48704510455707","7.11523543019541","7.49405318232525","5.22240378279306","10.0047325612056","6.35677811136392","6.72709449939503","3.30449566189458","6.65786471465316","4.82735001622272","6.45311101977311","4.73048004026183","7.60938494418879","3.41841941271269","3.16960777381418","3.86790802391699",
"2Q Mar 1989","6.52284011349465","7.14795390440161","7.51874560535965","5.2475738384462","10.0254271580506","6.39967301157593","6.78428975195889","3.30468524073037","6.69883904923313","4.86868117336758","6.52531303286979","4.84496123718591","7.65084755964805","3.43216160013285","3.16960777381418","3.90878021374929",
"1Q Abr 1989","6.58967542275152","7.20588968338225","7.56678557938938","5.28369036788888","10.085495275008","6.46959076155332","6.91919664012015","3.31141933656164","6.7410898859637","4.95294778684781","6.70117805451328","5.171659195127","7.7178849387216","3.43393081507728","3.15242950534038","3.94818189424102",
"2Q Abr 1989","6.6147751865985","7.23061039183311","7.58611371462417","5.30036774163584","10.1063550573017","6.50106090961797","6.97952101694102","3.32474674897891","6.75904462511622","4.97794784379059","6.74883921299884","5.2905534299979","7.71451297243853","3.43859025267792","3.15242950534038","3.96204005323047",
"1Q May 1989","6.66999673928346","7.28117573640989","7.60989428114349","5.31590471026341","10.1396977011543","6.58747033471554","7.16446861788445","3.34794040451448","6.79902555692727","5.04151808243762","6.88935003129187","5.62102278886349","7.71879552767685","3.43274485435047","3.13777117182674","3.97378619803332",
"2Q May 1989","6.71620258112642","7.30567352966955","7.6228158889657","5.32297014672554","10.1599367874982","6.62737475765493","7.21507215657999","3.35179827733826","6.83816533586465","5.13472078858652","7.0844764653059","6.03321366006001","7.7579009213792","3.43414140211398","3.13777117182674","3.97793982827853",
"1Q Jun 1989","6.76335542747611","7.35178712516794","7.64032950043403","5.33322601101898","10.1863211218326","6.71201465039438","7.38534031832413","3.37837891711142","6.88304592669183","5.1824046590367","7.18286892905129","6.13304736931145","7.85426344863682","3.43617213398857","3.13777117182674","3.98397965702973",
"2Q Jun 1989","6.785414208583","7.37109164341884","7.64712449870172","5.35385053111982","10.1709071750256","6.74819821519456","7.42735145198585","3.39176114607132","6.91950471132231","5.20980740057267","7.23884794935506","6.19437364855709","7.90587511865157","3.43785635705663","3.13777117182674","3.98898889485052",
"1Q Jul 1989","6.82902511302512","7.41735164780168","7.64520984790584","5.36400083638586","10.1506532994845","6.86036210885016","7.62655059404197","3.38853597438777","6.99884664447584","5.24578952901584","7.3100830023953","6.29724504170273","7.95393256843045","3.4421471484918","3.13777117182674","4.00175062169193",
"2Q Jul 1989","6.85527133254628","7.44006091868666","7.65682975888772","5.37070373431722","10.1683153924968","6.89785445464022","7.67835510600749","3.39736644899127","7.03254346442161","5.27897361720957","7.37959000036307","6.41777681155393","7.98652210792242","3.4426134474263","3.13777117182674","4.003137493956",
"1Q Ago 1989","6.89718612497897","7.4941344675502","7.67880199880029","5.39623824525671","10.181895694196","6.99509650119775","7.86251283542719","3.40879421408337","7.09302480875997","5.29195199779956","7.39748491242995","6.41090145307272","8.02181018964492","3.45130413081551","3.13777117182674","4.02898543580152",
"2Q Ago 1989","6.91747937470927","7.53701658243994","7.70597308453097","5.41711799422945","10.2151725381985","7.0585788195542","7.93496525342045","3.44709329159588","7.15584892824941","5.26071815004938","7.32979210592878","6.205503797562","8.05252228153231","3.45294505039764","3.13875966339164","4.03190137656336",
"1Q Sep 1989","6.95319253095964","7.60584875444654","7.72526569355159","5.43024008589811","10.2414254446446","7.19449917757665","8.14981895167053","3.93171430629934","7.20595476106745","5.22067130983181","7.23903208529755","5.97703848571169","8.06040361709189","3.45868230637171","3.13875966339164","4.04896519676362",
"2Q Sep 1989","6.99359304868231","7.65464488810193","7.75487775232765","5.46518929499838","10.258901272944","7.26856387228709","8.22568703100326","3.95084596078812","7.28738199249473","5.24067390974519","7.23370852008133","5.89567675639176","8.10908932753656","3.50221342279229","3.20258470069462","4.051591726786",
"1Q Oct 1989","7.06030298863363","7.73811906911518","7.82482088463872","5.54118324748175","10.3102807970934","7.36828493520934","8.40242855991927","3.95084596078812","7.35776800422881","5.26717328585894","7.22016181567453","5.83439620857219","8.12955204363651","3.56583128355195","3.29637671185261","4.05440489890121",
"2Q Oct 1989","7.09274669989708","7.7940545281979","7.87743768672053","5.55051808829815","10.4226447533783","7.42706608323279","8.49278292391062","3.96375466437509","7.40551457675411","5.24560505711959","7.17381582180579","5.69049056178381","8.15290639038211","3.56659931037258","3.29637671185261","4.05668917410801",
"1Q Nov 1989","7.15136669325906","7.85463442985383","7.91682110776074","5.57364731085117","10.4818735297285","7.51535112977877","8.68435284601551","3.96375466437509","7.4478446950603","5.29758098716574","7.24994828149799","5.79242829246976","8.20994869163628","3.59731267574604","3.34144668370001","4.05846633020496",
"2Q Nov 1989","7.20034671952792","7.91883502771052","7.98050316903992","5.6305416596286","10.5476032796421","7.57821495196026","8.75345679075941","3.9649917092617","7.51615382509344","5.31050749241478","7.27379964316137","5.67368864029108","8.33473489460355","3.60044752986748","3.34144668370001","4.06779005348277",
"1Q Dic 1989","7.32782399073863","8.03775616971273","8.0636325931496","5.71229257000195","10.6218758597806","7.74338405110432","8.98736446276997","3.98080609678621","7.66425349601216","5.45233552676689","7.42114959620497","5.76062826852306","8.52344204831289","3.73957197848709","3.50469501453899","4.157140143338",
"2Q Dic 1989","7.50823508383692","8.19558834532474","8.23091964854056","5.93995971520303","10.6740188611681","7.88292053476369","9.09201834095646","3.98080609678621","7.84396893735486","5.6765694317119","7.65603420843784","6.09876892220233","8.6826541949785","3.95777252014074","3.54204444399556","4.73188767222422",
"1Q Ene 1990","7.72941088730843","8.38563156092675","8.35778725872394","6.11499677159749","10.7098983498889","8.15523357369949","9.34322361745408","4.03612173180222","8.16102647517416","5.95921806614268","7.86348482528","6.50510241867267","8.74685878416196","4.3139871547658","3.54204481536598","5.79134506283001",
"2Q Ene 1990","7.82266337422997","8.47350261891002","8.40637164502807","6.15979699376179","10.7578963011506","8.29523888808827","9.4305697224347","4.10443196494416","8.34285032832572","6.06098726277338","8.02839017145973","6.76430297657912","8.8431664379212","4.35961835871321","3.54247597091575","5.92620510635194",
"1Q Feb 1990","7.91466890281192","8.56414135993091","8.46258600061888","6.2084401198488","10.8183522088729","8.43112131172173","9.63657304357402","4.13452841900381","8.45482426294084","6.15252006471525","8.18804902800585","7.03542177120664","8.92210165148507","4.39027295798041","3.54152795320788","6.01926247466369",
"2Q Feb 1990","7.98957240034858","8.60480803660435","8.48910866555588","6.23158854111716","10.8465710346697","8.49026730862161","9.70503005466705","4.1457369915347","8.51587753814928","6.30146100261319","8.49777243277618","7.69043992962954","8.98364184059947","4.39442347097606","3.54152795320788","6.03160698357583",
"1Q Mar 1990","8.06669058293016","8.67722591816459","8.5289121860955","6.26952722237942","10.8839903582193","8.60598215365235","9.92475445279853","4.15085768391514","8.58857775116243","6.38618071705809","8.66376899454477","7.97668936713935","9.06261063055773","4.40610694184744","3.54152795320788","6.06635611228096",
"2Q Mar 1990","8.11793243724758","8.75358802221858","8.58101090892843","6.32480963068621","10.9243009297267","8.71383265029836","10.0032629451791","4.16216701972457","8.72742320863167","6.37903336282451","8.63308053960351","7.70237200844927","9.20510930932404","4.42040251983438","3.54152795320788","6.10887420342594",
"1Q Abr 1990","8.18086627443957","8.84127479819966","8.64301187381772","6.38422727787941","10.9820926621368","8.83463385322004","10.2540460278369","4.18027621793145","8.78953613754069","6.38395071451572","8.65218581749194","7.5513098591756","9.344765547547","4.41240660522316","3.5066383265435","6.15443141836009",
"2Q Abr 1990","8.25007790189615","8.93176030222707","8.73763826737791","6.44388762122598","11.1181020219636","8.91642040296159","10.3341509475069","4.1892854163977","8.88306094695322","6.40272771591276","8.68376758486875","7.5330176066423","9.41141336123152","4.41976722908972","3.5066383265435","6.17632348013763",
"1Q May 1990","8.32046085166551","9.03981680865373","8.81399537359721","6.5111262721949","11.1984241663422","9.06534924686309","10.5732245647858","4.19982769667847","9.00102711571064","6.38577610595561","8.6553715374985","7.38924260762318","9.46517802518708","4.41301635338819","3.4717817271539","6.22551806816835",
"2Q May 1990","8.39721743187015","9.14344465677787","8.94364408982227","6.65012127450438","11.2965440262422","9.12924890033382","10.6336790954496","4.21159965006266","9.07471892288737","6.39922416076554","8.59180900291628","7.22496017059562","9.47373451456843","4.49722248520673","3.55298790841758","6.31457790156433",
"1Q Jun 1990","8.51061552285294","9.28116785284824","9.07130127316669","6.77630379864097","11.4096105473241","9.27662937511625","10.8898369081529","4.23406446039543","9.17880967019611","6.45362240086199","8.49280969270321","6.92722461758151","9.51676694289265","4.69302215975104","3.79634888883066","6.4132783092726",
"2Q Jun 1990","8.57526153175822","9.35870112962452","9.16036284106474","6.8381496821762","11.5288468337983","9.3355457589599","10.9579527746743","4.28146382374709","9.23513332517722","6.48683685337862","8.50401340324343","6.89895110810206","9.55586800542416","4.7469477799088","3.79634888883066","6.57366457941769",
"1Q Jul 1990","8.66300450395306","9.46632622831224","9.24552700373352","6.92601612931722","11.5985968439482","9.47113370087408","11.2256643130505","4.30334774970053","9.31249403493401","6.52655160511598","8.55819940404707","6.91911744897113","9.63363879131468","4.77406731935917","3.79634888883066","6.65432386099608",
"2Q Jul 1990","8.73446656224833","9.54704294273","9.31927640497921","6.99489545636534","11.6701089813782","9.55900409701024","11.3128768341129","4.31198865146758","9.41245170599307","6.57448622270636","8.6464768846009","7.01077890725834","9.71861137049365","4.78584705008833","3.79634888883066","6.68935928700405",
"1Q Ago 1990","8.82487440926738","9.65155651964541","9.41056663525677","7.08444748301716","11.7520186340268","9.67865833250339","11.5632040784044","4.35479318675711","9.46976597207507","6.62973976144062","8.75409436343576","6.98603094850121","9.91905034606567","4.79405693752098","3.80107460519457","6.70438546950297",
"2Q Ago 1990","8.86902771727493","9.7050988466734","9.45663088319753","7.09781270164638","11.8423872689768","9.74094168051321","11.6342232879804","4.41318276745657","9.52883514773286","6.65110642976228","8.78517947960384","6.89821277425416","10.0341880346597","4.80687700428274","3.8037984827037","6.73710171060613",
"1Q Sep 1990","8.94629250941613","9.81226234512671","9.49741534937999","7.12674962321804","11.8960413460028","9.93751827459905","11.8923264628357","5.30669403267085","9.60715860272534","6.65825245504773","8.79705512911032","6.79263588711849","10.1292834894753","4.80980971985669","3.8037984827037","6.74582423082789",
"2Q Sep 1990","8.99983193757663","9.86060231131155","9.5476769586674","7.15923590992684","11.96705539382","9.98161743365662","11.9603144288304","5.33708754366817","9.6402722594244","6.72142454618162","8.8873256767327","6.93409582825312","10.1823072063224","4.84921053135442","3.85939447650547","6.7525205491487",
"1Q Oct 1990","9.07756142503606","9.9592791762962","9.63068324730671","7.24438532234021","12.0357942472132","10.0990457742428","12.2051258259627","5.34010844895928","9.70188960720593","6.74912595233636","8.89646089612928","6.92551113519508","10.2039225126721","4.89437669474637","3.89730078014541","6.81152029625762",
"2Q Oct 1990","9.12655854711972","10.0295948875812","9.70481172893714","7.30410496783239","12.1223346589008","10.1617693834967","12.2835450145798","5.35119375979187","9.76342151778302","6.74835703798847","8.84721405320907","6.81899500077438","10.1958166754252","4.93799650262","3.89734262120102","6.94117173365024",
"1Q Nov 1990","9.23476106469364","10.1301170056425","9.77092652124138","7.34759970452296","12.2145734858809","10.3071938637272","12.5357076518684","5.35746123993537","9.86846001814306","6.86967283896833","8.9459423172717","7.04248848625966","10.2050039601745","5.08201403347678","4.10631055817008","6.95421289595923",
"2Q Nov 1990","9.45268503704775","10.2901431523797","9.92655028148308","7.52814075648244","12.3112421868887","10.4682382728866","12.6620130728171","5.37836342888977","10.0701168794402","7.20930491147426","9.23832641253673","7.50953072121737","10.3704618143841","5.47055813456389","4.57979673134113","7.1688312251529",
"1Q Dic 1990","9.57993695434146","10.4424357325217","10.0484631531824","7.63569428821912","12.4391785451808","10.6581362491305","12.9489645264261","5.44623042897052","10.2239082318308","7.27540421073813","9.36687634555659","7.67839493656008","10.4690897489225","5.48055527884156","4.57984167984801","7.19847553017378",
"2Q Dic 1990","9.69649259043587","10.558949150777","10.1243361609015","7.69650200924848","12.5282446293266","10.8277576207437","13.0907625614426","5.4546196663082","10.4330194522052","7.38759320619006","9.49185479971506","7.81681220671131","10.5832529245168","5.58289232994485","4.57986036977675","7.50281055439184",
"1Q Ene 1991","9.8453753754222","10.7298514868671","10.2412420910359","7.82709965661589","12.6086086593579","11.0687041416205","13.3792786188363","5.56481582888753","10.6681695552857","7.48130919633173","9.64442922118876","7.9711208185537","10.7330348708343","5.62425467426958","4.5798604935671","7.62583072262899",
"2Q Ene 1991","9.92238424840285","10.8312846108384","10.327191685962","7.89762132010379","12.7069790817703","11.188538555881","13.476605763445","5.64859215394635","10.8077813435841","7.50050049487199","9.66555403114354","7.75681104348437","10.9210019076112","5.64199357690646","4.57997700956994","7.67835843307463",
"1Q Feb 1991","10.0223849195121","10.9495863482802","10.4053137583173","7.96420247756135","12.792566065464","11.3592462854338","13.7200793676366","5.67315156929537","10.9588383441911","7.5555673062351","9.67954141330725","7.58362955945122","11.0676564385144","5.73559947898777","4.63666741189653","7.84409722608097",
"2Q Feb 1991","10.0904656329437","11.0292551725777","10.4727683179139","8.01490235918253","12.8769291109007","11.4534422193588","13.8032051717679","5.71155618775503","11.0682456433963","7.5950121763576","9.6779842258378","7.54342830779105","11.0935360525732","5.81325328787094","4.69337104249169","7.96236480965821",
"1Q Mar 1991","10.1735901449802","11.1242796826173","10.5396898585496","8.06633395241201","12.9588805928055","11.5847267414236","14.0163596796498","5.72212602456544","11.1707065545536","7.64822777485313","9.6699802124575","7.51284143164053","11.1016382119222","5.92342387305747","4.75025513138967","8.17698556749357",
"2Q Mar 1991","10.226091909012","11.1817262609237","10.6074623446643","8.12500287773574","13.0317291663381","11.6258835862979","14.065169492361","5.73172418735025","11.2122970410886","7.68761829978624","9.69515545305892","7.5627216443801","11.109025698589","5.97648812546165","4.80715482595799","8.22172892463963",
"1Q Abr 1991","10.2882237970927","11.2547989538703","10.6811992442421","8.17639120393095","13.1301648886968","11.6956800334752","14.2307990943266","5.73172418735025","11.2376894956274","7.72279931893277","9.79945762238195","7.92376883514508","11.0300802661365","5.94894421937626","4.74079709944944","8.27168516318977",
"2Q Abr 1991","10.3251512742202","11.2953218266948","10.7303094604237","8.2082430838712","13.1993829609094","11.72288878059","14.2770410794342","5.76309721222591","11.2540955424169","7.75024066568814","9.84949009687989","8.15682779728006","10.9497295349808","5.95614955608906","4.73373227426642","8.30715582382071",
"1Q May 1991","10.3770386250443","11.35230906146","10.7771983930162","8.23469325353575","13.2715742240857","11.7921717197953","14.4222799926833","5.7876739682552","11.2871413034787","7.78868423881631","9.95239148206299","8.40520228250938","10.9483534275886","5.9361935587379","4.70194140221544","8.31098282049766",
"2Q May 1991","10.4378458465375","11.4120513232397","10.8540987674999","8.30856634622664","13.3429813507089","11.8259931876186","14.4667556852336","5.78922206779088","11.319627104261","7.84955982135959","10.0736411201066","8.74175784284622","10.9155861160644","5.94278224680326","4.70730819850459","8.31991314495597",
"1Q Jun 1991","10.5041283911293","11.4753780652741","10.912381184374","8.35835319471821","13.4066565450402","11.8943421832778","14.5957914779275","5.83071622003726","11.3581794970111","7.91994646889295","10.2131226118426","9.0737323495005","10.9170514826531","5.95105239129023","4.71303250062193","8.33313398054602",
"2Q Jun 1991","10.5291665064337","11.5042324022761","10.9411786782754","8.38428777423141","13.4360617415444","11.9223492282438","14.6281750595229","5.86833147651791","11.3830641329855","7.93544838002308","10.2448470214089","9.09512102726289","10.9557850991015","5.95195322641487","4.71286984042162","8.33613652270274",
"1Q Jul 1991","10.5887226251472","11.5694529857803","10.9849548537771","8.40838944523604","13.5043737079721","12.0154727134912","14.7635147527942","5.87763783297023","11.4645443047625","7.97999428383243","10.330655699247","9.20209990274978","11.0256934929593","5.95944544194198","4.71560364062116","8.35298688032057",
"2Q Jul 1991","10.6304462552918","11.6146557747545","11.0124930806361","8.42310871409319","13.5480282846026","12.0839338914791","14.8087921504922","5.90187562332202","11.5531404722339","8.0122965441271","10.396740545146","9.26087142447606","11.096291165809","5.96134198847247","4.71788261648661","8.35409843398183",
"1Q Ago 1991","10.6703914026857","11.6722686058613","11.0591546091922","8.44821030632254","13.6217499156747","12.1550155638995","14.9187192427415","5.92747122642934","11.6092497935019","8.01101356567093","10.3899266434732","9.14751859184087","11.1651443770882","5.9651035509522","4.72003742744378","8.36100370418348",
"2Q Ago 1991","10.6964542307433","11.7237007548138","11.1130730397157","8.47710927756345","13.7071009728003","12.2013177319267","14.9643024463134","5.98836730434043","11.6550806237871","7.97907847829743","10.3163322714561","8.92379253171759","11.1988330928959","5.9707946294676","4.71991400870732","8.37817546208649",
"1Q Sep 1991","10.7673381396794","11.8342047672377","11.1833236316631","8.52480941447397","13.802822018363","12.3645813748689","15.094985625777","6.98598772630038","11.7357928629473","7.9582497512706","10.2665895414101","8.66028398405662","11.3012824611399","5.97610285911282","4.72363489173674","8.38656847733036",
"2Q Sep 1991","10.8123654064404","11.8873777155123","11.2367742497939","8.55753637058994","13.8811472193759","12.4156579738613","15.1517743132454","7.07112163557794","11.7803976082733","7.98325427878894","10.3123043742427","8.68042818395521","11.3646735822362","5.98255359786933","4.72421856208981","8.40459437537961",
"1Q Oct 1991","10.8761649135067","11.9655878067234","11.3038384643921","8.58673139492506","13.997709028662","12.5069475003391","15.2901225305339","7.10841254477429","11.8535166309903","8.01225375678937","10.3378029086052","8.7014731447556","11.3930712269077","6.01524095100289","4.77136198548744","8.40812186569159",
"2Q Oct 1991","10.9545202113836","12.083649879463","11.4375517184369","8.73876913426541","14.0855210736752","12.5993235251688","15.3502715017312","7.10841254477429","11.9776928090336","7.99841572475088","10.2979537737453","8.5799690842892","11.4115703266885","6.02499710505922","4.77177334001218","8.43632122840353",
"1Q Nov 1991","11.1136205947683","12.1536988203623","11.4722940205157","8.81076511897962","14.0582659557392","12.716511649827","15.5093135952115","7.11373876461537","12.0874459878911","8.35146431248276","10.3619470342705","8.66942223770835","11.4568427720145","6.64865449609407","5.35014729859807","9.14176516898908",
"2Q Nov 1991","11.2591277334959","12.1236273276904","11.4354412873467","8.84483814980487","13.9169844763479","12.6968920906616","15.5943664164785","7.11373876461537","12.0053701174694","8.88582265001586","10.3874391834755","8.70275321559616","11.476511716076","7.6579581996102","6.42832568837745","10.0009045546737",
"1Q Dic 1991","11.3936862982473","12.2891494516137","11.5998697284865","9.01445550106416","14.0516962999332","12.85862751984","15.8614014647756","7.12136839447416","12.1297430960418","8.94566429516286","10.4870039699002","8.79266990910597","11.5819032815502","7.6824101958617","6.45065555246565","10.0292521847954",
"2Q Dic 1991","11.5056747616255","12.4192660662941","11.6767469070872","9.07995956938116","14.135944248913","13.0590394682338","15.9786326329799","7.12136839447416","12.4066983148392","9.01264342677024","10.6083910651971","8.90515941550336","11.7083612173813","7.7006681482585","6.44465197273608","10.0954865840284",
"1Q Ene 1992","11.6167421232466","12.5435370878195","11.718776645252","9.12051317790916","14.174696710579","13.2943632133835","16.244791091806","7.22966614485747","12.6451732470702","9.08980078301818","10.7458261593856","9.15676305408706","11.7633782187991","7.72389706642106","6.45671140872843","10.1406077101353",
"2Q Ene 1992","11.6988191281102","12.6209638994872","11.760875669725","9.1396513675298","14.2466173202734","13.4187218136353","16.3720187295158","7.31212554191957","12.775683735809","9.17919993384239","10.9010926174188","9.53195303416271","11.7610029566258","7.75445141347041","6.45269884524559","10.2394573082194",
"1Q Feb 1992","11.7704443737244","12.6870346430064","11.7831490312072","9.13422700182727","14.3086307450356","13.5439369130271","16.5454901273413","7.33061165265679","12.8893399617096","9.26057040368478","11.0375639587933","9.8595969550093","11.7604259363358","7.7867049233475","6.46077639181098","10.3193329974953",
"2Q Feb 1992","11.8213603714586","12.7542491706551","11.8372176530379","9.16170891265028","14.3965272946606","13.6273818239429","16.6256294929577","7.3332694364025","12.9864842612244","9.2729166995052","11.0310385676268","9.82921259928945","11.7708970707951","7.81654092985077","6.4647961798237","10.4000828045733",
"1Q Mar 1992","11.8897716039688","12.8132601964036","11.8687323563458","9.1842237931813","14.4377477653162","13.722961006566","16.7609163512673","7.33353558663382","13.0733376105268","9.35982266635694","11.1623895557545","10.0905801157468","11.8086469178995","7.86418162664144","6.49465691930708","10.4824318924726",
"2Q Mar 1992","11.9421283126059","12.858316939167","11.8987967738996","9.19556813967151","14.4926884688473","13.7875427344763","16.8188329403742","7.33741362050038","13.150632355556","9.42657094039317","11.2738524610492","10.3395475451898","11.8213989864166","7.89108312285088","6.49290234923802","10.5659296554791",
"1Q Abr 1992","12.0030531325808","12.9257153626566","11.9458119094912","9.22334436581745","14.5631402851191","13.8812897447229","16.9167612185524","7.35604937316086","13.253315852778","9.47061497369082","11.3559331276448","10.5293811133403","11.8261806149019","7.90101999689781","6.46431867422725","10.6522905103952",
"2Q Abr 1992","12.0412923249204","12.9845950603975","11.9956124898212","9.25832783503635","14.6291955891065","13.9509786601151","16.9879397864167","7.35604937316086","13.3323035609124","9.46101689120171","11.3023369362981","10.344865661052","11.8660301284931","7.93156097614241","6.46986829793516","10.7320966994414",
"1Q May 1992","12.0845918783183","13.0774231126406","12.0830129602474","9.32167853602913","14.7421115167249","14.048417501061","17.090070266072","7.36205476932411","13.4405068024002","9.39138620307148","11.155371290582","9.93459437509053","11.9074040905341","7.93160655141483","6.45600253471564","10.7597887191095",
"2Q May 1992","12.1182866923621","13.1478388290781","12.1586013440121","9.38301452687758","14.8296779023926","14.109335592906","17.1631316758512","7.36672393795297","13.5027960568348","9.34129793289543","11.0333764473459","9.6336058079718","11.913667598989","7.94654698257038","6.47494727639081","10.7665744376501",
"1Q Jun 1992","12.1654027568078","13.2142972070964","12.2128153522698","9.43030582182502","14.887398336483","14.1907875159236","17.270751810936","7.39706006628367","13.5774104990961","9.34315358262187","11.0001878279589","9.39149617130403","12.0290638609086","7.98053087494452","6.50845626513128","10.8010548441183",
"2Q Jun 1992","12.2012894614776","13.2717443147423","12.2515889410393","9.45911976273365","14.9363979105371","14.272511115197","17.3549508302731","7.41459747456112","13.6674287062884","9.32922601325591","10.9505134757291","9.21450131175483","12.0702414794544","7.99911302528921","6.51563237796818","10.842060487492",
"1Q Jul 1992","12.2436860450425","13.3272772896183","12.2909097094562","9.49751059255189","14.9719575664423","14.3489390237533","17.4515063601829","7.46867497699094","13.7367553223954","9.34048877308404","10.9421222751737","9.13561429342907","12.1119582484303","8.02856400479599","6.54661989692469","10.868070152089",
"2Q Jul 1992","12.2768602138297","13.3753284741845","12.3190938177613","9.51747268907691","15.0090887935917","14.4232381230704","17.5232727568051","7.53833029518965","13.8145958659322","9.33897009123016","10.9240490053633","8.97299490038492","12.19663630804","8.04218265127435","6.55120411882955","10.8994643375466",
"1Q Ago 1992","12.3179554432824","13.4392983896547","12.3801452093775","9.55661300932785","15.09584053192","14.4892359272489","17.6193372021445","7.57168304212723","13.8689086755836","9.32709720239677","10.8607898544168","8.75098630354691","12.2466693861695","8.07717796121378","6.57959580740286","10.9471229087473",
"2Q Ago 1992","12.3532318791837","13.4960776593719","12.4224080049491","9.58532614010235","15.1534006294326","14.5644980011876","17.679681201751","7.6762022848224","13.9505405461944","9.31271967506903","10.8288431352315","8.61027057273896","12.2922294793765","8.07865362371371","6.57934219701665","10.9520158619579",
"1Q Sep 1992","12.4234614846783","13.5932759998223","12.4539545112267","9.61094751283428","15.1899105939297","14.7504122694409","17.7595137043482","9.44867489831293","14.002062564074","9.31967473322995","10.8274451971305","8.57622907890198","12.3140089019928","8.09337472297942","6.60120355926857","10.9523528223986",
"2Q Sep 1992","12.4623363304803","13.6429887935767","12.4870905762776","9.6404420823235","15.2242810464125","14.8217168592943","17.8202945921485","9.55734657486153","14.076138834956","9.33270776348494","10.8564510478484","8.58269707946592","12.3587101076929","8.09199438266704","6.60084328622401","10.9489633941507",
"1Q Oct 1992","12.5123566111515","13.6861643411321","12.5237301566801","9.65897117818305","15.2839889789826","14.8726485250351","17.8809637346572","9.57104582933293","14.1272271505665","9.39619473143268","10.9241917333065","8.67117509999398","12.4110426235333","8.15263905257631","6.6827639773423","10.9665264268497",
"2Q Oct 1992","12.5526333137335","13.7314533641252","12.5667159999367","9.66661872978409","15.3757529704845","14.9197046887165","17.9334025816643","9.57104582933293","14.1780700255298","9.42367519744313","10.9597822129931","8.77672778845758","12.3966253244106","8.17314757436528","6.70828532323077","10.9768026540523",
"1Q Nov 1992","12.6069192591216","13.7798274026326","12.60127139327","9.67237920873715","15.4501167785289","14.9858553418215","18.0021089861351","9.57229105218147","14.2522413905174","9.48916509424238","11.0245656351435","8.91931338512174","12.4055390699687","8.24037151312877","6.80056643556978","10.9933437918667",
"2Q Nov 1992","12.6663230696707","13.8336935277682","12.6432320262666","9.69480267030703","15.5166413991894","15.0546454343777","18.0545735350772","9.57229105218147","14.3403432350099","9.55874712889064","11.1602857755841","9.25322072066464","12.3992411433507","8.25053180033072","6.80604934697904","11.0126660479519",
"1Q Dic 1992","12.7790751460913","13.9140479787306","12.7080966579469","9.738096176873","15.6061788019078","15.1540870265214","18.1264104959898","9.57326861070049","14.4698594218608","9.73996971780718","11.4795390131866","9.96001520405451","12.4402365534257","8.30833840983998","6.880492288666","11.0366491762173",
"2Q Dic 1992","12.8540345935656","13.9721200911258","12.7370571543482","9.76348640404571","15.6368155053458","15.2510170292349","18.1824947413385","9.57326861070049","14.6041600770513","9.85000306257283","11.6850536297388","10.2731470046744","12.567284813762","8.33274566265373","6.88190446249002","11.1064350213977",
"1Q Ene 1993","12.9507217850141","14.0815941403905","12.7892942427968","9.80888775707836","15.6926861313287","15.4370414478436","18.2909697628765","9.65741942833252","14.8508930781331","9.91426431942856","11.7395012162123","10.2118137392825","12.7033302018322","8.4070619528373","6.95137789036436","11.189397740152",
"2Q Ene 1993","13.003920851051","14.1550881536232","12.8368668533644","9.85862419228372","15.730640085469","15.5444353232152","18.3763838010263","9.67351166638637","14.9844247826126","9.91983214749056","11.7338062726957","10.114898067847","12.7624215029554","8.42303789353862","6.94995903318727","11.2397333886735",
"1Q Feb 1993","13.0649461736913","14.2345113982697","12.9115338806623","9.91047388949","15.8306054244716","15.6279607746851","18.478905671502","9.6997080876681","15.0660164057177","9.93718438639151","11.6780590337022","9.91011875459857","12.8129943884016","8.50763077810064","7.01722415335403","11.3576496212463",
"2Q Feb 1993","13.1017472454031","14.3177482758076","12.9923451950772","9.98772544325392","15.9062274199828","15.7119170969696","18.5537913823232","9.70028125286929","15.1672900993746","9.86825994546037","11.505874715051","9.43856526799776","12.8549976226701","8.53213925081048","7.01632345653763","11.4323330568844",
"1Q Mar 1993","13.1418260509819","14.391399374551","13.0583590752275","10.037124991232","15.9891238218306","15.7938859328944","18.6334021545301","9.72072921659342","15.2599770774913","9.83138689761008","11.3448208135493","8.99110304149809","12.8988206400113","8.60839285119529","7.09266488199704","11.5074084627756",
"2Q Mar 1993","13.1773641046495","14.4503750300445","13.1106803179781","10.0743748664449","16.0577586266951","15.8602758927838","18.6954013175771","9.72256752783555","15.3383036646346","9.81292033548692","11.2804191551155","8.86329723271693","12.8800682725653","8.63169226426847","7.09467620573532","11.5727086213386",
"1Q Abr 1993","13.2167181513094","14.5011642528974","13.1545272531692","10.1146490007747","16.1013192178031","15.9191450678272","18.7645499025765","9.78224055970378","15.3924220132948","9.82508569342985","11.2568170744298","8.86407131751969","12.8394110948154","8.67681934022656","7.11210772260808","11.6722831903947",
"2Q Abr 1993","13.25424398194","14.5326582668249","13.181400730745","10.1570121342033","16.1007731725122","15.9560909870193","18.8176313465969","9.84423795394654","15.4177996201629","9.87473377086196","11.3209178939695","9.10434873776607","12.7778451962712","8.71405402527654","7.11445959061077","11.7783530242475",
"1Q May 1993","13.2920625136351","14.5659576437896","13.2039880934099","10.1744555199304","16.1283037031016","16.0033054272812","18.8791276439343","9.90091854683219","15.456661865741","9.92126106947605","11.3939869081415","9.33832616640761","12.7359896056516","8.73704370630289","7.14420221434007","11.7876194856139",
"2Q May 1993","13.3302141546833","14.596823783791","13.2374789149125","10.1940380755287","16.1788031828015","16.0295085685563","18.9197979601248","9.92828554622373","15.4750172094163","9.97432252075143","11.5013715366561","9.5934121176305","12.7374697546627","8.74123063542217","7.14380900721252","11.8008537537829",
"1Q Jun 1993","13.3681673806734","14.6314130459115","13.2627097128121","10.2002695646286","16.2299790792743","16.0760780306524","18.9764287286047","9.95425512866423","15.5193878772526","10.0183821678141","11.523730472361","9.70825366310477","12.6939764531004","8.80589749355584","7.22254117536489","11.8367164205662",
"2Q Jun 1993","13.4034282749256","14.656325860709","13.2712743484804","10.2043165056311","16.2443741381804","16.1230595127626","19.0263187361429","9.97094444270186","15.5694649249843","10.0755506586185","11.6274161665027","9.94298775736578","12.7036120313882","8.82140920911006","7.22498310342514","11.8779985372263",
"1Q Jul 1993","13.4358978889379","14.6860907147462","13.277957225313","10.2176942434677","16.2398574208952","16.1841568504584","19.0885956933194","9.98888305552037","15.6365412020997","10.112860374022","11.6492398404526","9.91640275959563","12.7595618729584","8.87352201643435","7.30244473304358","11.8790478216301",
"2Q Jul 1993","13.4643520587896","14.7230496186765","13.3070632290703","10.2419257763147","16.272630190479","16.2309137622133","19.1417607136243","9.99016176703514","15.6862973247534","10.1211087472463","11.6645767915202","9.88376911326605","12.808780551053","8.87541478389038","7.30280277647504","11.8839657483299",
"1Q Ago 1993","13.5054799257054","14.779317114672","13.3644871998815","10.2685101346629","16.3699925955648","16.2837561830983","19.1912707909887","10.0275716308049","15.7440485529312","10.1266493932876","11.6141794191739","9.76890997907129","12.8046395594482","8.93228165642131","7.38365410307923","11.8924180358198",
"2Q Ago 1993","13.5387447541146","14.8194063669918","13.4015333385846","10.2924972614003","16.4222690424745","16.3268146604702","19.2261000322058","10.0543746289506","15.7947071919102","10.143304239031","11.646028824979","9.88913441257037","12.7734542093911","8.93529606249425","7.38469679213544","11.8993113069639",
"1Q Sep 1993","13.6072471643015","14.892365478271","13.4171363141201","10.2908237087975","16.462434110351","16.477663718562","19.2690340253484","11.5675992336947","15.8395528639703","10.1991827882244","11.7068150761475","9.99656261932256","12.8005222149372","8.98760704052368","7.46265509957815","11.8999629082001",
"2Q Sep 1993","13.6372741490767","14.9415585266015","13.4532812699891","10.3041922481395","16.5289029760745","16.5435291765764","19.3102165803762","11.5814567297931","15.9273282766149","10.184996287724","11.6707500756027","9.90753687348512","12.8024060382158","8.99322384465203","7.46268800003154","11.9166030934457",
"1Q Oct 1993","13.6668892801415","14.986448222447","13.4850913169309","10.3216435930953","16.5786378300715","16.6052736499124","19.3675007458401","11.5814567297931","16.0006026599324","10.1791597892583","11.5776859030474","9.67869027506462","12.8066423928451","9.06718328997031","7.56769349039822","11.9278889522413",
"2Q Oct 1993","13.6890584069596","15.0243892932703","13.5115062311868","10.3259317524516","16.6356608313961","16.6581195657586","19.4089082021382","11.59056740072","16.0665157214821","10.1650515513638","11.5332717455232","9.55194176905437","12.8211053045402","9.08059842481021","7.57959815279329","11.9441293914515",
"1Q Nov 1993","13.7247026618983","15.0492294678647","13.5320111877379","10.3184280398242","16.6966186148531","16.6882262470371","19.4548328831961","11.59056740072","16.0919994141035","10.2236054148515","11.5595528820077","9.68955306280982","12.768120303601","9.1696830972669","7.68553338932172","11.998553140384",
"2Q Nov 1993","13.7519052109149","15.0709550649218","13.5504080757622","10.3115406715492","16.75154846826","16.7139104229013","19.5009831158784","11.59056740072","16.109770099728","10.2620728781061","11.6121618006217","9.82249584259905","12.7631877571679","9.19583670805884","7.68564907582307","12.0761096321318",
"1Q Dic 1993","13.8060859911413","15.088749545035","13.5398539574145","10.2987501802823","16.7458347755587","16.7707891624787","19.581441071607","11.59056740072","16.1615047959582","10.395929837464","11.8239137713926","10.1631560230075","12.8813019399933","9.26057044506045","7.75467163885411","12.1314678359271",
"2Q Dic 1993","13.8800264244674","15.1441594065433","13.569309193368","10.3403727346785","16.7526491812338","16.8607262274283","19.6418441335814","11.59056740072","16.2813534899598","10.5086704155079","12.0563745333156","10.602691232305","12.9644481086871","9.26552917030806","7.75164170291696","12.1522377585511",
"1Q Ene 1994","13.9344128725224","15.1891125164495","13.6005930611493","10.4034326518913","16.7308335314927","16.9233568384406","19.7429771548411","11.635281793343","16.325583407572","10.5821742435558","12.1274549681317","10.6740342350475","13.0346145662113","9.34247259738172","7.82146143599448","12.2423259032382",
"2Q Ene 1994","13.9663343843643","15.2425135119358","13.6414010034187","10.4376284234548","16.7764402519558","16.9926585455748","19.8161556676579","11.6776852504746","16.3974605695888","10.5646145402532","12.0528935882011","10.4819452464494","13.0442111352396","9.37682992730334","7.82173785288256","12.3439625699652",
"1Q Feb 1994","14.0058117281094","15.3113975421136","13.7054062001069","10.4734138099161","16.8754773979733","17.0661548277646","19.9228244112041","11.6995980571387","16.4600271988179","10.5365089840909","11.9143501305092","10.1072052218795","13.0746851459343","9.44940921288164","7.89113014260122","12.421920319302",
"2Q Feb 1994","14.0384346863964","15.3761050894904","13.7603204090633","10.5323958707365","16.9168690347805","17.142483498718","19.9862995934374","11.7012865714254","16.5545769538011","10.4958008914549","11.7975625220303","9.75587532677256","13.1255184507032","9.47770755542747","7.88978194263547","12.5087649908501",
"1Q Mar 1994","14.0788336499542","15.4336449414273","13.8259980993644","10.6108393886183","16.9541987160645","17.1867914319251","20.0531960246795","11.70389772635","16.5921477463296","10.496147242603","11.7141474421636","9.60625639761125","13.0899339025634","9.55477769937593","7.9699004655737","12.5787624625291",
"2Q Mar 1994","14.1096097422321","15.4794483466843","13.874133700855","10.6542617150901","17.0032389290688","17.2278611971336","20.091976676561","11.7084972142736","16.6399251112278","10.4919910954571","11.6627478715329","9.53024116569557","13.0565271772173","9.59382335737922","7.98366443996522","12.6675383821036",
"1Q Abr 1994","14.1487057975111","15.5283852943072","13.90884963842","10.6943540278058","17.0250839839977","17.2951195321714","20.1529750260734","11.7180339486876","16.7193471853711","10.5074755947719","11.6878745000037","9.61423630813675","13.0396249556084","9.60073352651603","7.98359961940121","12.688219518414",
"2Q Abr 1994","14.1777982111004","15.5788828695873","13.9626669764974","10.7491943064691","17.0702158632761","17.3393512187031","20.2082242696025","11.7479699467331","16.7599987216688","10.4873686640764","11.638071911978","9.54515258198148","13.0040136201639","9.60749145860931","7.9908853808768","12.693839507477",
"1Q May 1994","14.2157674967952","15.6239814577046","14.0080004845874","10.7797813047996","17.1322853844499","17.382672609052","20.265784746174","11.7731803802676","16.7983646149083","10.5078683288877","11.6776390669405","9.61703563090878","13.0202451685317","9.6108672378707","7.99467832209324","12.6963417974094",
"2Q May 1994","14.2475967948502","15.661607822666","14.0430702412346","10.8063717538205","17.1757891810578","17.422666753005","20.3136639533907","11.7998132486769","16.8363586822212","10.5254556833238","11.7135377307306","9.71320006221001","13.013013250481","9.61197496401626","7.99598987827422","12.6970298569286",
"1Q Jun 1994","14.2862535395058","15.7144273725384","14.1052337510046","10.8337524976263","17.2833414615793","17.4607188018133","20.3747675619418","11.8368640325799","16.8621881614999","10.5308136442718","11.6891999481792","9.75964987548685","12.9386955136191","9.64462052226125","8.04030219682424","12.7060595069218",
"2Q Jun 1994","14.319537017894","15.7350049599198","14.1211010542693","10.8450677169586","17.3041275223448","17.4872244774111","20.4195276418562","11.8440455807305","16.8812603280087","10.5913654081657","11.8093301478008","10.0189410674082","12.9588507591913","9.65160873423976","8.04741436305501","12.7127093961918",
"1Q Jul 1994","14.3542710502299","15.7660943422951","14.1331342550548","10.8623541959787","17.3064758524689","17.5439722604","20.4733986544147","11.8444161462211","16.9478624444214","10.6329507964194","11.8847705278081","10.1447186316203","12.9978008344148","9.66287616857989","8.06224204990454","12.7167529717795",
"2Q Jul 1994","14.3783849554473","15.7935398098759","14.159689547346","10.8850992009009","17.3353949406849","17.5717814072017","20.5152954524944","11.8471901687505","16.9713520885251","10.6486561780111","11.9142826538839","10.1900152842388","13.0158105337472","9.66619646771394","8.06667675005946","12.7178148364319",
"1Q Ago 1994","14.4169054516422","15.8392452845238","14.2168597402184","10.9196113689214","17.4199292328079","17.5999812348734","20.5650108101648","11.8706486575721","16.9884708034674","10.6695576558996","11.9291548379953","10.2368153325485","13.0078752551869","9.69296715808089","8.10558941010326","12.7201025246544",
"2Q Ago 1994","14.4496708750496","15.8787926535003","14.2552833951364","10.9501861080508","17.465372451859","17.6398302561631","20.5997925988374","11.9999597193107","17.020821100242","10.6858334550209","11.9591445172729","10.3463859499237","12.9810892827868","9.69695239778538","8.10992682248293","12.7233354113479",
"1Q Sep 1994","14.51986266253","15.967400675484","14.3095564274528","11.0325097830037","17.4692500356956","17.7736221354349","20.6446638834631","13.2854388234858","17.0638180961463","10.7119799303904","11.9857165323552","10.381676668993","13.0012027004231","9.72314308473484","8.14793692111489","12.7256917738266",
"2Q Sep 1994","14.552013672729","16.0080101754266","14.3457413610642","11.0805459664994","17.4823922297247","17.819116613859","20.6826184655777","13.2926232792878","17.1193306186493","10.7238983736581","12.0074498702152","10.4313165319614","13.0029117780273","9.72626977210049","8.15158941255864","12.7277323377987",
"1Q Oct 1994","14.5962084251352","16.0463154759119","14.3928974949248","11.1196175730952","17.5357774725456","17.8438104309641","20.7266316366726","13.2881369607815","17.1371812309709","10.7796331642698","12.0211151749213","10.4645109970685","13.0025797848851","9.82146154442929","8.28424210553068","12.7472223003825",
"2Q Oct 1994","14.6282832812519","16.0917825424223","14.4467032502018","11.1689325477974","17.5893959648126","17.8761523970074","20.7655596385029","13.2881369607815","17.1704822820207","10.7803990821214","12.0248149784828","10.492383439697","12.989089413386","9.81955299548252","8.28017531467516","12.749628107529",
"1Q Nov 1994","14.673319354947","16.1317781880615","14.4788859383775","11.1975861620818","17.6227657363144","17.9257926352438","20.8044243336999","13.2941516616207","17.2327329761639","10.8350319849235","12.1089789579146","10.681503670701","12.9979174601837","9.84804482442046","8.32201581804276","12.7512161059443",
"2Q Nov 1994","14.7074053005018","16.172654115195","14.5170769620226","11.2185395060021","17.6824751756726","17.9691114321503","20.8403358996672","13.2941516616207","17.2865767843834","10.8525622415431","12.132985561783","10.7228402956438","13.0093813543024","9.85993428101986","8.33209895063138","12.7665389159193",
"1Q Dic 1994","14.7721735703828","16.2262546657915","14.5635179174641","11.2703327620366","17.7145335089826","18.0310056179998","20.9035296846286","13.2941516616207","17.3567430335815","10.9399424314931","12.2382005464814","10.9312957388824","13.0402623864788","9.93242968000209","8.43924519632496","12.7692159060525",
"2Q Dic 1994","14.8662383675153","16.3290183311065","14.6389859667383","11.3213648142009","17.8176884296078","18.1686513347133","21.0173010050657","13.2941516616207","17.5280244175691","11.0108740499041","12.3647076006341","11.1115697584884","13.1273226684571","9.95363642003411","8.4400834527219","12.8306233341879",
"1Q Ene 1995","15.2129352665883","16.6924908206389","15.0337708657516","11.6176216219668","18.3121556398635","18.4766472168312","21.3171182983407","13.3268841862975","17.8814253733366","11.3068631612423","12.6648486866822","11.1867166968681","13.5840413589204","10.2507353937237","8.80936713629998","12.9803538014472",
"2Q Ene 1995","15.5410179321263","17.0663284494516","15.4539652925424","11.9207930759051","18.8571765425385","18.7736302603582","21.7035898965817","13.3656479123786","18.1658441405189","11.519157821147","13.0734033912578","11.4221850508965","14.1112313414138","10.2867968315287","8.77765608780512","13.1506299319026",
"1Q Feb 1995","15.8787162161736","17.4610687319137","15.9024737806991","12.2724072886263","19.3957529059847","19.0804770112179","22.1434201157925","13.390348595248","18.4385574533965","11.7158994459385","13.3651294236513","11.6973524258998","14.4117205204483","10.399806595551","8.80455742593206","13.4332819766333",
"2Q Feb 1995","16.1786695323322","17.8407408836099","16.2923834451778","12.5597233798243","19.8922538086718","19.4336331243283","22.5325699877118","13.4022357628548","18.8211520270535","11.8255028902495","13.5333782134071","11.7978468693181","14.6263236987665","10.4575152551207","8.80455742593206","13.6049198110498",
"1Q Mar 1995","16.6819879217043","18.2650402371534","16.7156744958829","12.9124298182702","20.3772361795887","19.8520674433638","22.9611300272735","13.4102314332067","19.3617322528477","12.454987246051","13.7608856493324","11.88200711113","14.9448899138169","11.4067005393634","9.36509181232302","15.2397453000185",
"2Q Mar 1995","17.2653898403705","18.7305088203187","17.2574619950595","13.3303803837302","21.0383852004661","20.2165286849659","23.3794161039474","13.4138460199738","19.7954361261916","13.2379931228304","14.1866230851553","12.1684073924821","15.4589581184612","12.4737005359008","10.3079065809847","16.5533434435317",
"1Q Abr 1995","18.1293698188939","19.6481604070266","18.1918331820171","13.8991239139557","22.3620256754103","21.098409333215","24.4832301467973","13.4499812262211","20.7585300439031","13.9398527778159","14.5568458294127","12.4699017317907","15.8726087220041","13.439196370228","11.5367027235186","17.1122923212469",
"2Q Abr 1995","18.5227533148334","20.1515862965196","18.8421788442361","14.4787658623036","23.0616274071023","21.4139554188458","24.8756007146805","13.4663716475436","21.1042522477928","14.0876090517405","14.7956917351972","12.7566201956628","16.0807663670331","13.5143132750325","11.581109412828","17.24159092054",
"1Q May 1995","18.9269004391204","20.673061945058","19.4784121295628","14.948023997071","23.8640248187038","21.7865348080981","25.4928027139911","13.5045064156602","21.3760115948768","14.231409491431","15.2043227686401","13.3149162388919","16.3937546293866","13.4471154598044","11.4366158137933","17.3015321183057",
"2Q May 1995","19.2571361411608","21.0926671993357","20.0092576970705","15.2968134318606","24.5850642814111","22.0632439894335","25.9536235302973","13.5289662109624","21.5769795823156","14.3616727753836","15.4623037818428","13.7699185234618","16.5260773160822","13.4755816506557","11.4377091271831","17.3769052744707",
"1Q Jun 1995","19.5751726845003","21.4488236242022","20.4466410265921","15.6730357014143","25.0719911703272","22.3142263683381","26.3475356315291","13.5971911115348","21.765357186808","14.5831246604422","15.8555189137591","14.5370871541382","16.6808735799084","13.5600991961448","11.5305993079385","17.4504340887831",
"2Q Jun 1995","19.8210193022943","21.741653473943","20.7785221406949","15.9623023666955","25.4368890889405","22.5544580890947","26.7040945043312","13.7123955224534","21.9475169866726","14.7190685515079","16.1482111043121","15.1112338496155","16.7941237057698","13.5711232217858","11.5315963664213","17.4786621134729",
"1Q Jul 1995","20.0213708496807","21.9509341682466","21.0105684191561","16.1875380626523","25.6642950921002","22.7324307120577","26.9640462237386","13.7426269779567","22.1031824479805","14.8888891289017","16.3619800414662","15.6593327640006","16.7948579537331","13.7058314459068","11.7267104247362","17.5169739756017",
"2Q Jul 1995","20.177805840185","22.1417076612607","21.2241035091064","16.377787191868","25.8940886544254","22.8922105479182","27.1729343138646","13.7589172384976","22.2670940305222","14.9666266001599","16.5298008189596","16.0221902947037","16.8383634487219","13.7117776838475","11.727470681829","17.5318269912035",
"1Q Ago 1995","20.3593566542423","22.3613861838604","21.4825056204293","16.5518561617275","26.2399009913315","23.0609146902394","27.3963686067904","13.883032695393","22.4044491687195","15.0603959069112","16.6398171948996","16.0478512218899","17.0019862150907","13.7925457818854","11.8418472264932","17.5591719973571",
"2Q Ago 1995","20.5064625106422","22.5521261090713","21.7086376089498","16.7162790964779","26.5279409580906","23.2052336452426","27.5794586497167","14.1252239365729","22.4864562658452","15.1105654105825","16.7410774391286","16.2048643363683","17.0676628420685","13.8019948344726","11.8447956107166","17.5798576604801",
"1Q Sep 1995","20.7626427711506","22.8756484442429","21.9756482985151","16.9334304831011","26.8403013147852","23.5923727787928","27.7634098754873","15.8296154964312","22.6389278150324","15.2156362041138","16.8416574068302","16.2207142410983","17.222096026896","13.9105718466744","11.9556017639969","17.6886102808774",
"2Q Sep 1995","20.948785624562","23.0885920424234","22.2504745463414","17.1523376189247","27.1673538141707","23.7261662897578","27.94147215935","15.8305880971849","22.7774522219899","15.3364080013878","17.0886901529097","16.6684501944344","17.3411360701292","13.9307130171121","11.9546171687451","17.7448873062631",
"1Q Oct 1995","21.17855855045","23.290006088526","22.49990368885","17.3388150852884","27.4788991611578","23.8655620397877","28.1406898099515","15.8338824687459","22.9094421514825","15.6083432694256","17.3765813691704","17.3285791852341","17.3917937318729","14.1897600050306","12.3451520884971","17.7928728302409",
"2Q Oct 1995","21.3911092565366","23.4776118885696","22.7151920953183","17.4891989465976","27.7605508064365","24.0162162446998","28.2999381923022","15.8338824687459","23.1007707207772","15.857228335838","17.8843716358963","18.2877905226792","17.6117454324023","14.232295467914","12.3484662479075","17.9026820343485",
"1Q Nov 1995","21.6853214873926","23.7227620434983","22.9627383288579","17.7774744725367","27.9452536770042","24.2543393540584","28.5086206848823","15.8338824687459","23.4396929416572","16.2312906541879","18.3664502319936","18.6071160889757","18.1970123812978","14.5200875592594","12.8049314769059","17.9181199703017",
"2Q Nov 1995","21.9338951466089","23.998038418594","23.3167119014833","18.0813807003265","28.3400100864784","24.4288844389375","28.7259024205793","15.8338824687459","23.6335466728028","16.4108101067945","18.7586710515906","18.6608088692526","18.8044052932377","14.5300989007174","12.8036401445776","17.9474371130122",
"1Q Dic 1995","22.2809225647605","24.3641993492853","23.6633944531773","18.3763933444409","28.7298124718919","24.812713581377","29.2441839968961","15.8540718409969","24.0192090901019","16.6976658504197","19.2295572308323","19.2845821826827","19.1775424015119","14.6702074720199","13.0089907843674","17.983237591017",
"2Q Dic 1995","22.7595556342696","24.6962812594376","24.0505845574519","18.7254349088478","29.141568293431","25.0719276142899","29.6379668373621","15.8540718409969","24.2467633987947","17.4395714515616","19.7137285489791","19.6304556590337","19.7493312161467","15.6168689294654","13.7059053226639","19.3826229648035",
"1Q Ene 1996","23.1942726649536","25.1598490275045","24.4966747245659","19.107348115155","29.6403575506321","25.5490904948944","30.0699461812662","16.1343496707599","24.8269797840864","17.7890603802039","20.1034760478489","19.4830484184742","20.4807055333256","15.9340640173706","13.8782228821395","19.9540845064991",
"2Q Ene 1996","23.4652351063","25.4918275594361","24.8351504878594","19.4382950989047","29.9691631191936","25.8675802452753","30.4787393641693","16.2680901074042","25.1286296197712","17.9206019463792","20.2460120857296","19.1612153971021","20.9187488833474","16.0567621591068","13.8906237970198","20.2660792851966",
"1Q Feb 1996","23.7511232297148","25.790640419202","25.1608173148923","19.7116691819029","30.3398653481751","26.1285936731386","30.8025280783129","16.2705219777374","25.4187215888606","18.1624841118156","20.4809260060472","18.8081546292273","21.5277800903412","16.3040321677412","14.1748260446284","20.4603540205637",
"2Q Feb 1996","23.9972573680239","26.0615814575252","25.4983559120931","19.9429201931274","30.78691225442","26.3136554108413","31.05895195272","16.2802808763148","25.5991129284417","18.3433382098765","20.7633977102928","18.6505602751579","22.0901633912831","16.4038406779841","14.196437287243","20.6948297771813",
"1Q Mar 1996","24.2553031445204","26.3672111287857","25.8488044826784","20.1760734595933","31.2594318397758","26.5594278121117","31.3774145992755","16.280937892415","25.8612499491599","18.4898036855027","20.8193485292367","18.3992056763965","22.3417059179969","16.6222912638879","14.4391307800501","20.8805160887924",
"2Q Mar 1996","24.5444923142767","26.6950745142917","26.2423496278488","20.613557131774","31.5781741249196","26.8015784684496","31.6198495975322","16.3264987728244","26.1660812293172","18.6831528945133","21.1641789212769","19.2219312384321","22.3819873585822","16.6948768507982","14.4458235351159","21.0661638774073",
"1Q Abr 1996","24.9806443572586","27.1496996759168","26.7201410236828","21.1533803858596","31.9546705287828","27.2203026412155","32.1355770167614","16.3343400644636","26.6333696808968","19.0546645410049","21.5901827911556","19.9980178173029","22.5847403605522","17.0227447501077","14.9047027091834","21.1862488690935",
"2Q Abr 1996","25.2063987306554","27.3740462142016","26.9885711755507","21.3381357493762","32.3091612185405","27.3870495554617","32.3730835810721","16.3727041975869","26.7812251592761","19.2689788331048","22.0513497390293","20.2732084958445","23.1638988384402","17.0403307574793","14.9045905401036","21.2341334799191",
"1Q May 1996","25.4454997545375","27.6370925889842","27.2719117293109","21.5582709257862","32.6530452950662","27.6209073705808","32.7086382968004","16.3868399831291","26.998845663898","19.4452056574633","22.4794328903339","20.7244668249372","23.5768497853795","17.0158699598469","14.8068593574878","21.3316042864946",
"2Q May 1996","25.6561849446368","27.8778770535766","27.5208977109821","21.7102349435394","33.0052688942268","27.8476465756581","32.9095985729542","16.4048665120855","27.314042968923","19.5822002156999","22.7713929291925","21.1599892421674","23.7771552437255","17.0293637291028","14.8112962677365","21.3607649822135",
"1Q Jun 1996","25.8772027413396","28.1319505011228","27.7952424658075","21.9260833292693","33.3349753598931","28.0727094783894","33.1337532136076","16.4382000334294","27.601162641244","19.7228839588267","22.9220299143026","21.2303064735449","23.9787934807508","17.1620271469067","14.9891506101417","21.4224609938056",
"2Q Jun 1996","26.0566005188939","28.3374302757047","28.004440524953","22.0897496953666","33.5875058031173","28.2702106685117","33.3390889405045","16.4522575364751","27.850524306481","19.8386195953124","23.095964452716","21.1706089815232","24.3013125258394","17.2313378691505","15.0428048197477","21.5205117936776",
"1Q Jul 1996","26.2480539539193","28.5635070630586","28.2044720990157","22.2397469346133","33.8368088439109","28.5243199208522","33.6574595207525","16.5017097077243","28.1156217044323","19.9484682605399","23.1704810211135","21.1668626728784","24.4255880998115","17.3692505271254","15.2249516721682","21.5892498076794",
"2Q Jul 1996","26.4240071839023","28.7543391364585","28.4208596678428","22.368983225627","34.1463336026409","28.6807446634283","33.8858313651643","16.5204111887795","28.2549792291457","20.0836957674908","23.3838965430064","21.2744838932261","24.7061673931474","17.4421214456255","15.2608707040112","21.7266835406098",
"1Q Ago 1996","26.6118725701274","28.9502530220032","28.6288731141493","22.4856133372195","34.4530530346676","28.858602390156","34.0957406869321","16.6704310823373","28.4155862078648","20.243502046066","23.529669769572","21.163251727568","25.0154302796625","17.612996523335","15.4957431516402","21.7964453501165",
"2Q Ago 1996","26.7604139568807","29.1394722892063","28.8550666560121","22.6198955311056","34.7775822871846","28.9994934799784","34.2855182828138","16.7997876009986","28.5196007470084","20.3012801435441","23.6097732350211","20.9694553609846","25.2698369837908","17.6529568780618","15.5029680419866","21.8927153585051",
"1Q Sep 1996","27.0379784909099","29.4650108015632","29.0708748631021","22.7744760636922","35.0552897563363","29.453620649734","34.4596839477816","19.0916701290626","28.6427293236789","20.4652227296337","23.7409069735556","20.9545929245931","25.4938010529724","17.8429179220201","15.7626402136511","21.9726736226808",
"2Q Sep 1996","27.1875243862725","29.6398737081545","29.2798446281998","22.9043735471229","35.3480624717871","29.5838979918572","34.6446249910792","19.0936564831604","28.7674817352115","20.5546291641737","23.9148189094733","21.1336125067233","25.6643076831267","17.8649673135655","15.7589386340339","22.0386802084575",
"1Q Oct 1996","27.3782603151489","29.8077636080408","29.4493813764106","23.0113061676122","35.5837222688519","29.746968240112","34.7882302631085","19.0936564831604","28.9989897715587","20.7788852741124","23.9647051667036","21.0858994903259","25.7762849105975","18.2279361055434","16.3272978103538","22.0704594486053",
"2Q Oct 1996","27.5242181617104","29.9676650296848","29.6422460242871","23.1776091304396","35.797941841592","29.8639312620337","34.9521629941804","19.0936564831604","29.1133356879121","20.887871684406","24.1912090550765","21.1787210140814","26.0876955038922","18.2432627641411","16.3283821114537","22.1102107997573",
"1Q Nov 1996","27.7686297672073","30.1485384419836","29.8559967154551","23.2942933324616","36.1169359073277","30.0016204887523","35.1079637602221","19.0936564831604","29.2794951488621","21.2441629426884","24.4818507526322","21.2998827839818","26.4859772094308","18.6515973562583","16.9769725572261","22.1305502392947",
"2Q Nov 1996","27.9656802682515","30.3469678341534","30.0534420593848","23.4505584673914","36.3531158168027","30.1979330283722","35.297509616899","19.0936564831604","29.5440541364026","21.4258728728792","24.7867042581344","21.5237763857135","26.8421033000214","18.7351185612603","16.9822071142607","22.3483016783704",
"1Q Dic 1996","28.6206975894878","30.7569580139729","30.3549253380377","23.6862136599579","36.7173011139215","30.7336049967346","35.9374455812656","19.0992864706822","30.1600524784883","22.5303501734571","25.1517657743324","21.614109294921","27.3817439986789","20.4277048667463","17.8021829795135","25.5645066112417",
"2Q Dic 1996","28.8979751210575","31.0332631402439","30.6446411697184","23.9159744508768","37.063286597278","30.9889078349597","36.2746432789863","19.1167629479849","30.4217099114629","22.7921098586495","25.5567567452191","21.8544421527331","27.8912042493211","20.5752252156934","17.8155912863336","25.9421353873993",
"1Q Ene 1997","29.3608215011194","31.5221094137353","31.2178618920157","24.5758203043347","37.5002601748699","31.3665160810894","36.7537261201069","19.2130155701191","30.8034865247844","23.1732591650963","26.0446465721195","22.3854748066644","28.3511969614691","20.8711155358759","18.0999848828843","26.2679569253995",
"2Q Ene 1997","29.6368070035654","31.8110592709056","31.5054946045833","24.822582998824","37.8212568730217","31.6522419483481","37.0568267173882","19.4154446360325","31.1024524572581","23.4057240229195","26.4094968398946","23.0400107117381","28.5313012125776","20.9979979041011","18.1011813530635","26.6100805693888",
"1Q Feb 1997","29.9015983739738","32.0974684460806","31.7586453346616","25.0083857056066","38.1416206693278","31.9744853191801","37.4132935851845","19.5617403312561","31.4527321999605","23.6102682052128","26.5035480339405","23.0705165083453","28.6657245084906","21.2903985132","18.3399710353902","27.002876824457",
"2Q Feb 1997","30.0875977261562","32.3354081301496","32.0096671076759","25.1607082513512","38.4977904542817","32.192465798641","37.6600791826984","19.5781075856279","31.7105798111275","23.6807026984538","26.5131816915276","22.8297514328888","28.8347620432932","21.4092057616438","18.3330165524724","27.3367615126462",
"1Q Mar 1997","30.2863707600134","32.5401614683664","32.2012392499423","25.2543752972834","38.7968462310384","32.4098950965619","37.9019624127797","19.591240308596","31.9723995269731","23.8549423564015","26.5438604979942","22.9161811181984","28.8299208397424","21.6976562189895","18.5838216534143","27.698704435232",
"2Q Mar 1997","30.4495508263755","32.7179649680718","32.3788715133286","25.3913720226395","39.0136537098978","32.5849338896441","38.0703020967114","19.5954426768568","32.2075463910896","23.9782523889013","26.6537275613346","23.2096428576961","28.8228082239283","21.8315894863651","18.5848561015902","28.0602230339139",
"1Q Abr 1997","30.6269395867119","32.9465753073644","32.5916344266252","25.5503836414928","39.279466305094","32.8290779155101","38.2597283580843","19.6677651172883","32.5533517343971","24.0420624383737","26.6572041555468","23.1110353047965","28.8912720022941","21.9434045060796","18.5759641095998","28.3783910437103",
"2Q Abr 1997","30.7650043475772","33.1395918542157","32.8108899934891","25.7357279615416","39.5274800470897","32.9868156826451","38.4646914368918","19.6760477897733","32.7186605772228","24.0610805478438","26.6610569466216","22.8869202566818","29.0402535032385","21.9744870779893","18.5763629329924","28.4620243996985",
"1Q May 1997","30.9138327367908","33.3819912293399","33.0322146239669","25.8555986545517","39.858920757969","33.2509031849052","38.6886542314669","19.7271610589418","33.084975553238","24.0129624416148","26.6476902033915","22.6354677620673","29.1784720871216","21.8987262562893","18.4132717550898","28.5299136211002",
"2Q May 1997","31.0384063098316","33.5551548359293","33.221568211724","25.9681464199867","40.130430151637","33.4013947737862","38.8908052023121","19.7419438092257","33.2349458492841","24.0324234637824","26.6813487360056","22.5540598975511","29.2853560901603","21.9068678645781","18.4133091447829","28.5519325404667",
"1Q Jun 1997","31.1896747380071","33.7428655685843","33.3996647358749","26.0812621124479","40.3770423793189","33.5977095064534","39.1014716616361","19.7530609659631","33.4781279217375","24.1013015838277","26.6303415945294","22.4216091424885","29.2862437857197","22.0711726510512","18.6660762824473","28.5738800985427",
"2Q Jun 1997","31.31223929383","33.9042340535704","33.574926495088","26.1694968498137","40.6475698323911","33.7394086379587","39.2715809779506","19.793624026256","33.6282129884652","24.1380069482088","26.6857487759099","22.6631397128643","29.2231095234257","22.0929600124455","18.6690436437034","28.6279977937664",
"1Q Jul 1997","31.4630767002607","34.0432800216277","33.6512541722526","26.1969467371267","40.7786271532577","33.9527381797671","39.4820227413999","19.8391005309071","33.8977647618129","24.3030160354149","26.8605335146394","23.2987955442994","29.1043336086918","22.2500739663916","18.9195210369444","28.6342804251319",
"2Q Jul 1997","31.5832017351764","34.1588973592208","33.6942253844522","26.1933370892431","40.8754053275335","34.1551576098496","39.6294999346918","19.8594966276014","34.2049089357728","24.4248426514896","27.1170587778726","24.2193504538309","28.9378883488395","22.2645497491757","18.9241947485824","28.6657076112282",
"1Q Ago 1997","31.7350441682718","34.3030817529455","33.8036559103771","26.2015069520964","41.1009177768162","34.3393816230828","39.8070060314858","20.0602361516626","34.3910257014617","24.5822018564663","27.3587838247796","25.0778210950841","28.7867585870897","22.3546177786677","19.0598978612892","28.6825290507609",
"2Q Ago 1997","31.8718169000135","34.4461843217103","33.958274104449","26.298288565943","41.3167347185716","34.4660245995445","39.9627717221288","20.2189552321299","34.4838900170612","24.6978247206729","27.6116054996629","25.4903412056665","28.9376874842958","22.3609029029467","19.0608326036169","28.6980087253306",
"1Q Sep 1997","32.1485199086085","34.7841846193645","34.1427558940603","26.5033712812891","41.4661465328739","34.9858915808968","40.1401985274756","22.7444202372409","34.6740241509766","24.8341673480244","27.7532520378869","25.4542120727185","29.1923869807289","22.4929306750264","19.2771186011039","28.6935631245207",
"2Q Sep 1997","32.2507052175739","34.9494725776401","34.3390939701644","26.676854026449","41.6791763609043","35.1104878719818","40.3112695240569","22.7533285095579","34.7960818022384","24.8034748956449","27.6798174014496","25.027731067543","29.3437785805274","22.4962971616261","19.2781405860487","28.700980665854",
"1Q Oct 1997","32.4029781543587","35.1114447334845","34.5006064142975","26.8003817624685","41.8775595342121","35.2703124769827","40.4735878355575","22.7533285095579","35.0046772543605","24.926621511398","27.4828311021809","24.3688855105411","29.4410016433495","22.8743047981998","19.8766464027392","28.7230175071579",
"2Q Oct 1997","32.510903512518","35.2640553453606","34.6665430962318","26.9051779067489","42.1080532727476","35.404093045084","40.6522482230075","22.7554176607765","35.1423186466968","24.9381216101181","27.4984500970568","24.1924015861741","29.5789061228469","22.8825170696287","19.8769330570532","28.7448102709041",
"1Q Nov 1997","32.7446949908964","35.4498946553041","34.8486162184964","27.056709395704","42.3168799378649","35.5914244094564","40.9001923531275","22.7554176607765","35.3378605169691","25.2533446362031","27.5972943348513","24.2965994802045","29.6742547383185","23.369846584852","20.6617776533523","28.7510151511755",
"2Q Nov 1997","32.8955323973271","35.6236145018259","35.0202183748952","27.1397897844833","42.5857535501034","35.7648254071732","41.2286367239744","22.7554176607765","35.4349054014494","25.348478687646","27.8070219968713","24.6637082823538","29.7836029539679","23.3736586007315","20.6617776533523","28.7613540634161",
"1Q Dic 1997","33.1441060565441","35.8855651424898","35.1891242586394","27.2074206385472","42.8674637283241","36.1360471699263","41.5957693871955","22.7554176607765","35.9277912540105","25.5547964205935","28.0763415022249","24.9269784634571","30.0565357954782","23.5296661172981","20.9100699717166","28.7682983622144",
"2Q Dic 1997","33.4154995196353","36.0774306602889","35.3180190039671","27.267761355553","43.0719100993394","36.4016212247627","41.8620863832165","22.7554176607765","36.2772916301532","25.9682106619806","28.6173769993894","25.8686799732104","30.342015766923","23.8411711149262","21.2049323102717","29.1189225845818",
"1Q Ene 1998","33.8644242081826","36.5076192502873","35.7046428612034","27.7613759115388","43.3080586391277","36.8778281491959","42.4360131833095","22.9531230355053","36.7606774469175","26.4264096331331","29.005502037545","26.5787289255935","30.5248502433015","24.3548688282615","21.4085399451962","30.1708894410075",
"2Q Ene 1998","34.1434237545105","36.8288796388908","36.015510444941","28.0936469675179","43.575886362646","37.2064098815992","42.7104003952205","23.1963171570033","37.1641912642366","26.6029260900774","29.2293760702831","26.9418736139347","30.6598620882315","24.4935534767001","21.408166048265","30.5476553013762",
"1Q Feb 1998","34.5132704584808","37.2675476738093","36.5115510992832","28.6117946463598","44.0177798439956","37.5676613709536","43.1273753600527","23.2717157302188","37.5697155159159","26.8115115226182","29.3657045289851","27.0178201467032","30.8345113343656","24.7595427481535","21.6140220436978","30.9240211278536",
"2Q Feb 1998","34.6852051359735","37.4872441500137","36.7597179767934","28.8289647704648","44.2895876270557","37.7489072400489","43.4017596791814","23.2823869339209","37.7263133654996","26.8771175885708","29.4096754033062","26.6822594205742","31.1200661523183","24.8423345750438","21.6143086980119","31.1480878335876",
"1Q Mar 1998","34.9254546877494","37.7039760590778","36.9746677410835","28.9680835396207","44.5840992857235","37.9641910358987","43.6739815368085","23.2940467699956","37.95819761432","27.1491011658934","29.7264202903239","26.9039343984476","31.4970560329871","25.0784902077713","21.8358807092563","31.4171965923311",
"2Q Mar 1998","35.0834681917829","37.8820950427616","37.1491530914602","29.0530911991896","44.8568494323303","38.1437692883825","43.8904950883004","23.3027438074098","38.1609036810587","27.2570068141547","29.8734578109568","26.8705743146154","31.7588109626552","25.1551605160842","21.8366409663491","31.6238667409129",
"1Q Abr 1998","35.2618614607278","38.1293554156303","37.3890501147505","29.2492462100515","45.1362193248714","38.3958882769879","44.1742871254239","23.3027438074098","38.4664185355133","27.2859127951536","29.9134698266996","26.8534585917761","31.835157108304","25.1752027279784","21.8291106915855","31.6908469810212",
"2Q Abr 1998","35.4023662605558","38.3206389119937","37.5993153311114","29.4241655605815","45.3774712767284","38.5607866338934","44.3921340145802","23.3358709169325","38.6285805161254","27.3156737227137","29.9723575142215","27.0325657984117","31.8174569326129","25.181748209373","21.8251723105783","31.7152009302173",
"1Q May 1998","35.5398564984472","38.5569435217106","37.8324561066313","29.556808690173","45.7189199987275","38.7970034727754","44.6393363404104","23.4154846446991","38.9059118841023","27.2467797951439","30.3031045527084","27.7827957976945","31.880854665912","24.7946394834032","21.1792227411112","31.7480035451381",
"2Q May 1998","35.6869628729025","38.7153063613666","38.0096284667508","29.6722373562287","45.9607545043516","38.9297421288526","44.8486128956554","23.4333202933169","39.0104156421502","27.361931004641","30.5507101379238","28.2901310939228","31.9628887539699","24.804231578034","21.1798583658939","31.7729537213977",
"1Q Jun 1998","35.9580688154787","39.0156176323308","38.4201208018873","30.1863696462314","46.2234909921116","39.0904464417726","45.0669668016411","23.4479929634703","39.1688014357674","27.5574302347552","30.8190136651304","28.9129707176197","32.0052455198916","24.9416214074147","21.3245157028314","31.9031121679366",
"2Q Jun 1998","36.1107722559529","39.1692207102446","38.5875113152176","30.3197047513688","46.4226869179916","39.2246393273222","45.2544529478846","23.4701606237024","39.2935992425225","27.6983816497319","31.0966509401291","29.4695469496161","32.1050555108364","24.9736266746824","21.3244533866763","31.9900209931363",
"1Q Jul 1998","36.3078227569971","39.327907218551","38.6994105868572","30.3801979744838","46.5903948335256","39.4378214299523","45.4728759048024","23.5190316217241","39.5550026395161","27.9600808741753","31.5083689279671","30.2411269385327","32.2873094170852","25.1156812816445","21.5264895290598","32.0366551195157",
"2Q Jul 1998","36.455933640061","39.4594248633939","38.7846549083258","30.4146808531332","46.7321469460763","39.6236613490903","45.6253299100783","23.5190316217241","39.8283429735607","28.1321742485925","31.8400659795055","30.7053107262102","32.5343679234447","25.1605567361456","21.5264895290598","32.1583658889644",
"1Q Ago 1998","36.6446600336649","39.6857575541127","39.0103717494692","30.5516428334506","47.0524184338373","39.8469607404458","45.8382969781914","23.7058687461949","40.0733694714201","28.2335887422527","31.9626014558735","30.4966167234148","32.8676671728711","25.2450834958945","21.6334451818384","32.2083437061874",
"2Q Ago 1998","36.8184607452003","39.9128070048874","39.2853595700606","30.7434245609489","47.4125381370325","40.0116568479364","46.0859284316026","23.8053470164686","40.1891725376083","28.2895985959008","31.9471599222272","30.1590620173548","33.0573075250667","25.3579574771959","21.6356865052416","32.510722598316",
"1Q Sep 1998","37.1680711854889","40.3670228110073","39.5979515357456","31.023891454597","47.7465628531585","40.6312664544499","46.3890359349828","26.7600517831653","40.3552311919115","28.4076154083703","32.0673821629535","30.026472923172","33.3383719129289","25.4741391938445","21.8181045372698","32.5200676249403",
"2Q Sep 1998","37.4866817337475","40.764618381636","40.1497706641859","31.730154951081","48.0815143810107","40.8338308612042","46.7478848623861","26.7712216695158","40.4861959939675","28.5475700300314","32.3477119025519","30.3501516376004","33.5908566197337","25.5022103307173","21.8198743160771","32.5932354549866",
"1Q Oct 1998","37.7790284486147","41.0421604013056","40.5019979406349","32.0245843363787","48.4839461153471","41.0155042057482","47.03746673059","26.7712216695158","40.6341444544633","28.8513570019137","32.5613647424462","31.0670849440699","33.4839152208898","25.8775743770872","22.4075048936656","32.6263310224236",
"2Q Oct 1998","37.945509561319","41.2264890079697","40.7163989295914","32.1483312810764","48.795819520066","41.1600169644982","47.2776128502018","26.7712216695158","40.7435170569083","28.9713666054665","32.8248999018196","31.8574381680372","33.4118272452764","25.883204903444","22.4087387535379","32.6395339339025",
"1Q Nov 1998","38.3146382410857","41.4817296396707","40.9907838587514","32.3178071148543","49.1815487093731","41.3876041506061","47.5120977265617","26.7712216695158","41.0377130779257","29.5452342882248","33.2774492086729","32.8635854106699","33.5115374940562","26.5533035001573","23.4899465983236","32.6446909761407",
"2Q Nov 1998","38.7510772865271","41.7278450031066","41.2236088048386","32.4475380875877","49.5258308867453","41.6458370813101","47.7364688784445","26.7793704808292","41.404363977506","30.3354288318509","33.8687402658888","34.3219539029817","33.5502951964489","27.5013707808185","24.9451231344605","32.7769204383933",
"1Q Dic 1998","39.2941506971137","42.1189099494264","41.583832746134","32.6904577103028","50.0075951569771","42.0680329366314","48.2231061128164","26.7854041800099","41.9044230639393","31.1489773330506","34.7138737422839","35.8427739736666","33.9645170638096","28.2892230841342","24.995315472264","34.8295953498686",
"2Q Dic 1998","39.6516547411533","42.3910503134837","41.8137443114336","32.8665953403234","50.2896336722765","42.3872032670541","48.5821526577419","26.7854041800099","42.2913769100442","31.654611239625","35.750981658414","37.9730024902977","34.304791067905","28.3712712913571","24.9866659899256","35.0666236164358",
"1Q Ene 1999","40.2940423999992","43.0504987992078","42.6542232342193","34.0162932271262","50.7105581920844","42.8144968510174","49.0190022927206","26.8152880879834","42.8373096431063","32.2220986242335","36.5435218696398","39.9223446895877","34.3601716295287","28.7591553377546","25.1974228024756","35.7653767052864",
"2Q Ene 1999","40.6455183562759","43.4926516299592","43.1221014232342","34.4496365898298","51.1941729493283","43.2178313786405","49.3591283091293","27.0623301955745","43.3458286455301","32.3700700113985","36.7072431021282","40.3050578011953","34.3843305489905","28.8944853135333","25.1974228024756","36.1324173439783",
"1Q Feb 1999","40.9276754477147","43.8833397303027","43.4957924418913","34.7147280724169","51.6781581796372","43.6227466018544","49.6693920827839","27.218539552747","43.9113773749221","32.4165744460486","36.3595734057365","38.8416537735253","34.7472825075258","29.2548658839851","25.5603997037598","36.5014304815302",
"2Q Feb 1999","41.0996101252073","44.2422042973749","43.8424256042203","34.9076996394245","52.1909401192304","43.9905493754226","50.0016515078041","27.2338090678344","44.4216955335427","32.2034279579842","35.775840681236","36.9257913969858","35.0121445874733","29.3369842113162","25.5611225711596","36.7229393652148",
"1Q Mar 1999","41.2959431201026","44.5952371187639","44.1446592653635","35.061011416931","52.6560650892349","44.399727722642","50.4745274150449","27.2623401704165","44.8982231825334","32.0732622321094","35.2131187370797","35.1955518192434","35.1932012571388","29.5513787516426","25.8233701001291","36.8648492075661",
"2Q Mar 1999","41.493424124837","44.9203033769513","44.4300937892593","35.2221216196356","53.075651096482","44.7677664655019","50.6943612005442","27.338128670019","45.4856225977122","32.0026572417647","34.9532465158787","34.3635250495519","35.2978116898533","29.6315470144638","25.8241552836846","37.0809646934567",
"1Q Abr 1999","41.6870305963647","45.1832968428194","44.7110192467514","35.391590596797","53.4754561680803","45.0044576235694","50.9517929036091","27.3660636807797","45.7713821086566","32.0448735452352","34.953632876661","34.2073365790991","35.3978785948306","29.7070471178863","25.869640332948","37.2094950959944",
"2Q Abr 1999","41.8619793177392","45.4043380782896","44.9519842933244","35.5366465869776","53.8187607642389","45.1974652574521","51.1565655360125","27.454514993253","45.9883353558475","32.1164790173832","35.0545440132792","34.4630795355587","35.4001293791476","29.755266742631","25.8695557617151","37.3404176462762",
"1Q May 1999","41.9643076098796","45.6482832166079","45.2130055249573","35.6697382353746","54.2196347878947","45.4164721460074","51.4467968510988","27.473505824473","46.2107239132742","31.9285093358616","35.226334711605","34.7775562325347","35.4809295670403","29.2809213085525","24.9798336931993","37.5452195351139",
"2Q May 1999","42.0873026693919","45.8176445535352","45.3934666056274","35.7735524566515","54.4825525758363","45.5694426886517","51.6608970414641","27.5035691571051","46.3511714224624","31.9510440970824","35.2346969465715","34.9152177540741","35.406968074154","29.3147275584963","24.9821892438651","37.6329602351993",
"1Q Jun 1999","42.2441681635863","46.0078139910785","45.5941627246795","35.8905576874544","54.7730811453775","45.7435732887608","51.9404757179338","27.5639578817589","46.4724725068666","32.0312566862912","35.2445759186156","34.9209566062582","35.4194740625335","29.4508979671429","25.1808541285022","37.6692860652739",
"2Q Jun 1999","42.3599876435513","46.1690844438296","45.7532147215765","35.9901772081076","54.9950112852842","45.9048561995948","52.1550451418506","27.5765948189245","46.6359569648898","32.0483426635102","35.2640097675218","35.0851909003279","35.3467058378309","29.4661027739842","25.1892044932955","37.6965278426912",
"1Q Jul 1999","42.5247467414974","46.3255428095111","45.8277032007007","36.0687969212951","55.0603898232968","46.158822364412","52.3504024463085","27.5924613961154","47.0155807961336","32.219466493958","35.3774706145032","35.5933818400664","35.2087678139081","29.6830332769945","25.5218422434899","37.7273303933838",
"2Q Jul 1999","42.63841318496","46.4597994997847","45.9217741762805","36.1048998922008","55.2191724156028","46.3399196185864","52.5248654993093","27.6270964609401","47.249190373952","32.2846785666392","35.5051068672188","36.1975710576075","35.0329014405674","29.6984892845556","25.521867169952","37.7692082453998",
"1Q Ago 1999","42.770736860522","46.6488414636342","46.1034798067241","36.2719686577413","55.4084670186202","46.5347609357013","52.7346167045934","27.8364844678027","47.4282610156754","32.2948813743207","35.3288150404505","35.9197560187214","34.9213984639132","29.8572034095412","25.7722918793601","37.7799191515889",
"2Q Ago 1999","42.8719171428233","46.8381914061769","46.285476025607","36.3626573417446","55.6905191553368","46.7299263222517","52.9081014441132","28.0835754145238","47.6270767683907","32.2130742496254","35.1274212453056","35.4023248475942","34.9213827331518","29.8706857327167","25.7654869552151","37.8278919215578",
"1Q Sep 1999","43.1702914273995","47.2272764629133","46.3985788211417","36.443691562574","55.8360383312984","47.4496107856444","53.1112682033551","31.6259176929458","47.9119481431388","32.3107660315417","34.9900955444833","35.0588661990687","34.9154095971663","30.1554724237878","26.1886577462593","37.890985460341",
"2Q Sep 1999","43.2998885795946","47.3987860301874","46.5915962920417","36.596498064762","56.0668665396","47.5919802588369","53.2727981132123","31.6278471344154","48.0827875615759","32.3481380196368","35.0459515113933","35.3219848877977","34.8392657027255","30.1780994430704","26.2013702419146","37.9310460586291",
"1Q Oct 1999","43.4607726262794","47.5650973448625","46.7940206408927","36.7664756144802","56.2972150479002","47.7113985340378","53.4481636733498","31.6278471344154","48.1927523336993","32.4879749355565","34.8698130307185","34.8029308000196","34.8815945802249","30.5694753310128","26.829421357092","37.9398174799352",
"2Q Oct 1999","43.5569298474818","47.7413139969299","47.0053987441284","36.8637967928337","56.6344624702277","47.8417188145634","53.6047961472225","31.6281344980383","48.3421483576302","32.4176308523752","34.6731602250114","34.1798385574237","34.9566013743308","30.599766263905","26.8354784873751","38.0118195300882",
"1Q Nov 1999","43.821147212971","47.879220170046","47.1623121633687","36.938777519098","56.8815131176766","47.9541014357941","53.7410323521851","31.6281344980383","48.470071236347","32.9181675037193","34.7905320888757","34.4777439277645","34.9589357757712","31.4051085483734","27.9608026000111","38.3098372381108",
"2Q Nov 1999","43.9704061058733","48.0326425256347","47.3509190766058","37.0868325154725","57.1085863794345","48.0619804437847","53.8621556730152","31.6281344980383","48.6010593300553","33.0499872815205","34.7328607163156","34.3813377428283","34.9259752446897","31.6877448002584","28.4180037672993","38.3100580059769",
"1Q Dic 1999","44.1940074427685","48.247231457636","47.5068760441893","37.2111546821167","57.294062355087","48.3445980787716","54.1223168084002","31.6334467498322","48.9910632649272","33.2775429647257","34.9454492715362","34.7998371526158","35.0072861529585","31.9270679327454","28.7901877825045","38.3353077422961",
"2Q Dic 1999","44.4770255415868","48.4390336811377","47.6528338576734","37.3055846797744","57.494088836028","48.5891903718801","54.2636381835821","31.6334467498322","49.4011648340073","33.7253494548949","35.6961276959017","36.3136980282862","35.2714335425172","32.1333784112591","29.0588327274641","38.4445689754846",
"1Q Ene 2000","44.8092702608443","48.8011601559256","47.9920694075325","37.7274281511409","57.7148858218678","48.9732208970368","54.6579407683257","31.6509975714077","49.8932899367763","33.9766423466367","35.8665540696984","36.4672702225052","35.452439337508","32.448902993055","29.2420289038393","38.9932654794277",
"2Q Ene 2000","45.0522463359877","49.1371792951286","48.2770505120092","38.0121952441997","57.9843370086818","49.3659619065883","55.0041334187175","32.1525306275941","50.2945161024136","34.0177541865014","35.4467985654364","35.3968902758033","35.4472643150632","32.8570068254784","29.207867187572","40.1573812259526",
"1Q Feb 2000","45.2725471445955","49.4132094129123","48.5537673213629","38.2327135442436","58.3135123512715","49.6365364769526","55.3067884814376","32.1838501946775","50.6142713090573","34.1125537786827","35.3367066431358","34.6262177288659","35.7578178169643","33.1149119375301","29.5729345193159","40.2449575291316",
"2Q Feb 2000","45.3860700868284","49.602727066041","48.7490206000988","38.4003629376313","58.5312453649472","49.8158783778038","55.4779394822478","32.2016939898249","50.8521124964551","34.0666435427463","35.1455763114087","33.9927574027266","35.8484586791188","33.1846807991281","29.592888152203","40.4007384639257",
"1Q Mar 2000","45.5304494198622","49.7569477654744","48.9270987445452","38.5316246855668","58.7559296067006","49.9383782295548","55.6197705876566","32.2044239442446","50.996361913367","34.1819986962122","35.0251306872676","33.4437342789584","36.0009665103101","33.4877428629575","30.0016752986468","40.5375075864378",
"2Q Mar 2000","45.6310556972444","49.8993935935169","49.073228796217","38.6629076296362","58.911873134774","50.0739413578995","55.7975369396096","32.2129216971002","51.1366305651309","34.1918404839126","35.0208274577806","33.4830530135327","35.9688958493049","33.508842703544","30.0035572465333","40.5915799214022",
"1Q Abr 2000","45.7863426779103","50.0473202974806","49.1993248734043","38.762322937348","59.0631667862482","50.2460595958621","55.9930434779971","32.2129216971002","51.3437032541234","34.3527353468637","35.1915078166498","34.1138837890459","35.8464779868065","33.6618373393776","30.2145471520546","40.6528775435961",
"2Q Abr 2000","45.8936940311505","50.1326460548841","49.2712482194839","38.7832303351031","59.1926429048373","50.3463290201573","56.1255450697259","32.2229038384394","51.4454402350888","34.4974145770803","35.4962005889242","34.8613764443532","35.8690001166306","33.6789905434528","30.1730779033389","40.7689094107628",
"1Q May 2000","45.9663144603837","50.2657583487577","49.4240265911531","38.8831680950198","59.4006956261254","50.4531931922483","56.2935165937838","32.3038245596178","51.5092952587468","34.4442030289254","35.7720278508518","35.2006852158566","36.1041692632215","33.363778940084","29.6122444122213","40.854042495274",
"2Q May 2000","46.0564435938232","50.3524350794743","49.4998894641641","38.9363280681411","59.4997407570559","50.5516291250117","56.4321365029638","32.3968048690737","51.5760410343708","34.5354989552328","35.9685304167913","35.5642539244234","36.1941382601681","33.3712308640332","29.61668132247","40.866816557158",
"1Q Jun 2000","46.2299573028991","50.4456097432961","49.5644749159904","38.9395746076624","59.6347374508115","50.6781665663594","56.5807020135654","32.4324767592232","51.7130747054953","34.8590145971879","36.4363199962234","36.7325296607846","36.2155612622958","33.5796356197356","29.9499754069182","40.873395537744",
"2Q Jun 2000","46.3378831791131","50.5103426642957","49.5793400068554","38.9544970154311","59.6487098719407","50.8027293972553","56.7125937668716","32.4451129769218","51.8671462993527","35.0468227156022","36.8303480608112","37.6389032511167","36.2830646495769","33.603091683091","29.9795631173955","40.8874190936",
"1Q Jul 2000","46.4337533978559","50.5933213269225","49.6308763584229","38.981637046257","59.7268188482512","50.9227263778014","56.8058133886086","32.477731893743","52.0379220449958","35.1625489610944","36.7943493490355","37.6443761292174","36.2206955022454","33.8395694030856","30.3472612650709","40.912470563682",
"2Q Jul 2000","46.495035675767","50.6982138696481","49.731525645562","39.0267085174566","59.888932175552","51.031047586818","56.8929401781726","32.5204389203616","52.1854279266535","35.1322039844695","36.6803015578533","37.4027599676784","36.1879628228765","33.8759028179103","30.3759391596826","40.9629449438048",
"1Q Ago 2000","46.6158782168317","50.8109093691786","49.841445913339","39.0916925657752","60.0469665738189","51.1452480803815","56.9618436484127","32.8455669506306","52.2732578794743","35.2618426524599","36.4970603661125","36.9780953122581","36.158581897609","34.2546220817319","30.9215024110796","41.0756520876475",
"2Q Ago 2000","46.8236923462242","50.9040275793435","49.9118704410959","39.142359167313","60.1373223080468","51.2645287350103","57.0433357596675","32.9991135020008","52.4148043933052","35.6865316326308","37.391162200182","39.5032417404651","36.0135153391321","34.3052028274522","30.9177135888446","41.2191873662091",
"1Q Sep 2000","47.0342335170383","51.1898888424785","49.9975972155549","39.2619395950017","60.1774642361853","51.7900692718832","57.1071062293596","36.3648865164944","52.452202947853","35.7326374279142","37.0234354109344","38.610042773051","35.9806468724708","34.6808403634034","31.4981989255487","41.2650012595935",
"2Q Sep 2000","47.0879097117134","51.3085283816038","50.10064366589","39.3094281091574","60.3418179431767","51.9257711560957","57.2363371856342","36.4279035609602","52.6169935437292","35.6528549712722","36.8089758364412","38.1052312586346","35.9512246765206","34.7083635339647","31.5116966047595","41.3170250579418",
"1Q Oct 2000","47.2951498361861","51.4572196630322","50.1605495926391","39.3864284176657","60.3777851719997","52.1804251104401","57.3613412956988","36.4279035609602","53.0627447842715","35.9644064899425","36.9185341707637","38.6046494335431","35.8124881556223","35.1805677754641","32.2670792422371","41.3315902886861",
"2Q Oct 2000","47.4751216186602","51.5771053860108","50.2898928518309","39.4706696388959","60.5543665367611","52.2867534732638","57.481999824598","36.4279035609602","53.1907670930626","36.2530543630998","37.4944104157281","40.1208196628044","35.7892325045814","35.2402838746713","32.3150826526438","41.4130902917882",
"1Q Nov 2000","47.7321628865474","51.7710186502882","50.4536112178782","39.5953752153007","60.7560735336158","52.5143059176881","57.6188978131484","36.4279035609602","53.5676974617066","36.6204286236186","37.1720457667365","39.0685352598792","35.9318444228255","36.1566980813933","33.7926121591412","41.4220034311623",
"2Q Nov 2000","47.8485563714316","51.9182860087116","50.612127148087","39.6540278783736","61.0262664448037","52.6453702260415","57.713271015334","36.4279035609602","53.7716267447302","36.6676470807432","37.2609801310713","39.2363647342899","35.9704729161544","36.1706638626129","33.806159691276","41.4371734490388",
"1Q Dic 2000","48.1928567481617","52.0911921871563","50.7317457413536","39.7260517473123","61.1966686659797","52.8804742185261","57.8820525120701","36.4279035609602","54.1378655642086","37.3337018562081","38.394706373624","41.747172474879","36.2265007045841","36.4638360952707","34.2519783171075","41.4850487668733",
"2Q Dic 2000","48.4224856547644","52.1821876128406","50.795949932896","39.7864035804638","61.2619627793234","53.0026726750251","58.014046265572","36.4279035609602","54.2906590529402","37.8264064642522","39.3600329668122","43.7623301822367","36.5226163505131","36.5798314288457","34.3754016940477","41.5927727947669",
"1Q Ene 2001","48.5596894082509","52.4258076916832","51.0591874313143","40.0845703605484","61.4684838034221","53.2182557592132","58.3206308278913","36.5729068147329","54.4525405672617","37.7418561042342","38.8477632411759","42.0564114221019","36.7707168202829","36.8359589820343","34.6913864087147","41.7577983616851",
"2Q Ene 2001","48.5912633052001","52.62263854671","51.2495956219411","40.3083673488158","61.6080684820164","53.4196396643862","58.5035142484927","36.8437637703708","54.6494609803767","37.4404110251602","37.9494327899915","39.720416899114","36.788445850968","37.010054758338","34.7766847619183","42.0870054998892",
"1Q Feb 2001","48.5275409883264","52.8411143508493","51.4743381676559","40.5069828426198","61.851875633576","53.6268066260169","58.7030978109269","36.9136654539881","54.9072723356411","36.8149467285183","36.1886779938637","35.4884556612608","36.6025006269802","37.2891155160391","35.0936174662696","42.3126412973072",
"2Q Feb 2001","48.559115403331","52.9995793381303","51.6087487206939","40.670911193775","61.9432343110504","53.8120032268171","58.892613529992","36.9192694078588","55.1460252756918","36.5903514975491","35.6229308526435","33.9889406493395","36.6317216886502","37.3363522226986","35.0782378391723","42.4665349544775",
"1Q Mar 2001","48.7238739832216","53.1710511742489","51.7241964322911","40.803106832635","62.0320841942368","54.0490394979681","59.0284452403586","36.9192694078588","55.5444115872388","36.7314796688774","35.6905275392265","33.9386945223325","36.7742814321087","37.5359442329762","35.2751833426999","42.6777541917445",
"2Q Mar 2001","48.977757705998","53.3032343289823","51.854190412913","40.9229968068534","62.1670642890546","54.1816858459282","59.2063549741969","36.9192694078588","55.6808822219335","37.2129662636309","37.144109157995","37.2715623319081","37.0301614314086","37.2429653173066","34.7470040746669","42.7684528374505",
"1Q Abr 2001","49.0506651376908","53.4446125754822","51.9780479196111","41.079508443803","62.2446714014378","54.3421007082622","59.3472409507726","36.9192694078588","55.9089436495833","37.1440856713973","37.020591876498","36.4087924299721","37.3773867113549","37.2176415398616","34.6359531736456","42.8859090638047",
"2Q Abr 2001","49.1438083150122","53.5425816999047","52.0747906191097","41.2252671615688","62.2769295533772","54.4399292959459","59.4510749947079","36.9234189832289","56.0315328373384","37.2217148456483","37.3098827119634","36.6613717073903","37.6897938690721","37.1266585930808","34.4096208980502","43.0185152129887",
"1Q May 2001","49.155433468794","53.6429875671652","52.1506184361661","41.3332792714359","62.3097345755645","54.568677436735","59.5805357977728","36.9520221171971","56.1917683242186","37.0547589375694","37.3062908346162","36.290377756676","37.9201058728362","36.8297164307346","33.5434593098971","43.6649773775545",
"2Q May 2001","49.264507354847","53.7300760220941","52.2152097804854","41.3969728232781","62.3718304848081","54.6817890786308","59.685720713938","37.1176871704109","56.2960708440794","37.201057890982","37.8302512421087","37.4673206374464","38.0278925589482","36.6751607156204","33.2742535195409","43.6970249751001",
"1Q Jun 2001","49.3171785228574","53.8212393771961","52.3155646567166","41.4854849711303","62.4809108051796","54.7602004045101","59.7790509604728","37.1250062177888","56.3845104995353","37.1729801843454","37.6310035481093","36.9548133682702","38.0282525909695","36.783415835773","33.4133392808109","43.7575034025728",
"2Q Jun 2001","49.3355487524971","53.8964627406127","52.3567129108297","41.4584670304878","62.602004055989","54.8757877107956","59.9099820824029","37.1518418637341","56.5155292185565","37.0765708677365","37.3588776839967","36.5209019186809","37.859365305352","36.8270056807733","33.404178806","43.8910817800728",
"1Q Jul 2001","49.159021517595","53.9389121977649","52.3500366687635","41.4956723825297","62.5427660521754","54.9775332831338","60.027984552582","37.1757305803048","56.6284412692379","36.4722179978397","36.9225289592591","35.6404196630953","37.7061525509157","36.089263248614","32.2043354054127","43.9013140145368",
"2Q Jul 2001","49.2375260153067","53.944931766327","52.2381872191965","41.4657385716737","62.3383033840938","55.1274269351123","60.1515448095132","37.1767425047959","56.8480908612661","36.6909611744566","37.4026229414188","36.8204848080696","37.7401969510338","36.0997293401212","32.2004593405605","43.9361969523196",
"1Q Ago 2001","49.4074516755815","54.1120063936047","52.4463387194601","41.5241829449603","62.7155055722974","55.2415325213488","60.2659045177441","37.2744534587555","56.9679067808764","36.8560998341847","38.1277409920507","38.1560653214835","38.0760333033788","35.8188088137709","31.7239533449763","43.9729875481777",
"2Q Ago 2001","49.5717797517827","54.1315599653093","52.3277117340772","41.4938607686406","62.4969339891419","55.4295439708714","60.3613223802145","37.8901043540188","57.1027821524371","37.2999334310735","39.1592031029106","40.5052704498717","38.2676641859845","35.7943783772602","31.6841707115122","43.9734096336676",
"1Q Sep 2001","49.9058905050837","54.4738193677199","52.4218239961777","41.5507454070602","62.6307377535492","56.0691858957994","60.5274126165545","41.4946529632854","57.2263097097948","37.5968374661437","39.3037050281443","40.708345787873","38.37474864804","36.2124522280252","32.3548390266706","43.9831577439148",
"2Q Sep 2001","49.9948716286841","54.5889915227336","52.5840076026","41.6421019850212","62.8693705477473","56.1250081345783","60.6806980811693","41.5314997809191","57.2057351339776","37.627597964432","39.4272171321496","40.5409553282326","38.6833501707194","36.1693279010902","32.2866526896779","43.9804876068442",
"1Q Oct 2001","50.1194457197796","54.6377611379899","52.5906239750164","41.7413362810784","62.7639011497465","56.2244514337656","60.7901004737001","41.5327792333252","57.3279912802305","37.8960837064019","39.5914957245564","40.7630140634884","38.8106988553843","36.5206215614185","32.8121933197866","44.0523724226381",
"2Q Oct 2001","50.2328251607826","54.6999453843109","52.6182288042917","41.806737107124","62.7443857085675","56.3278337122059","60.9140500040389","41.5338876358718","57.4464919712228","38.1047698290687","40.0552956131848","42.1045904949795","38.7152665754039","36.526004282165","32.8149726203072","44.0623128316685",
"1Q Nov 2001","50.3723249339466","54.7659131338512","52.6812078073029","41.8577459357039","62.8183145241466","56.3963488092303","60.9815341321141","41.5338876358718","57.5376966073729","38.3829340215864","39.6927085658058","41.2104098947722","38.6914303872392","37.3142558094671","34.0905192491409","44.0621801146576",
"2Q Nov 2001","50.3578292375128","54.8331013555166","52.7149548030005","41.8932692894845","62.8480492130025","56.5032610898158","61.1025717110339","41.5338876358718","57.6666625942093","38.2056130671389","39.294148420802","40.3834790822058","38.5659376594863","37.3132407377048","34.0847612364029","44.0690784001607",
"1Q Dic 2001","50.4359032315351","54.9126517422525","52.7734291984516","41.9327293671204","62.9262198885875","56.6072248719303","61.1972257996971","41.5338876358718","57.8116276123945","38.2758232096279","39.5460234245657","40.7975691251567","38.7143185659614","37.238732164947","33.8855097536671","44.2009744317353",
"2Q Dic 2001","50.4337507130875","54.9488674897097","52.7192987737858","41.8919167120003","62.8590239167237","56.7531910208577","61.281410977231","41.5338876358718","58.0564939596356","38.1970226486506","39.2610802450448","39.6032279653816","39.0085808710484","37.3241493246991","33.8763742053183","44.4479546630749",
"1Q Ene 2002","50.8010138768668","55.1230174940274","52.818310759612","42.1230402734736","62.7931926509717","57.0162079242792","61.51860166902","41.6467321444653","58.3900554489049","38.9277331947281","40.2179713590258","42.0411507215771","39.0217515042363","37.8742494994692","33.5931456769558","46.4146674424421",
"2Q Ene 2002","51.0000739131836","55.2865125730467","52.8891622791133","42.2158001110014","62.8336923314954","57.2901307978009","61.7346847082638","41.8172941880327","58.7472014287658","39.1856791858214","40.7476265045144","43.7915997906703","38.7737397354959","37.9156431962853","33.5932952357281","46.5266843382013",
"1Q Feb 2002","50.8670322134173","55.5241742875973","53.0864420458388","42.3732573505282","63.0680781499891","57.5731432611952","62.0798209957025","41.8511437556281","59.0570734372184","38.3182664125716","38.0347714927713","36.9068481409651","38.7192526832501","38.5184581929078","34.3919489148729","46.8229615747907",
"2Q Feb 2002","50.8684672257159","55.6664584151483","53.1909206803437","42.5235162813704","63.111546712479","57.7592262935373","62.3149501666671","41.9071337638962","59.2433624316143","38.0374314723393","36.8163237823923","33.7550610177946","38.7327110430295","38.9844943247615","35.0885729585785","46.9192865497707",
"1Q Mar 2002","51.0157171014011","55.7788196604615","53.2727920860268","42.6834449303968","63.0947268289109","57.906950989987","62.450136049987","41.9383853402278","59.4390372075094","38.2450139542902","36.9106161915062","34.0604306778247","38.6925411831744","39.2821587108924","35.4820051352342","47.0671535366133",
"2Q Mar 2002","51.2403234649596","55.8644964496017","53.2860289801895","42.7036061145952","63.0988780549773","58.0796787384358","62.6106427964304","41.9468882901434","59.6744847420076","38.7338159323469","37.9974565829773","37.1908043699179","38.4774385509255","39.294376545185","35.4831268260272","47.0984104937191",
"1Q Abr 2002","51.4713526741774","55.9962667421124","53.3946214714888","42.8110634913065","63.2028236970463","58.2375563384226","62.7844061934123","41.9502077360679","59.8681162060763","39.1489025336635","38.5816383093416","38.6231355743571","38.5211433855502","39.5745243759107","35.8188026542284","47.2955781570701",
"2Q Abr 2002","51.3432257620192","56.0451569947107","53.3876550448474","42.8508005470399","63.1399077173029","58.3538567441987","62.946735304227","41.9502077360679","59.9823870453437","38.6744551368897","37.4651195154478","36.0382180222574","38.3404435344967","39.6117179467846","35.8175189414321","47.398605905386",
"1Q May 2002","51.4835865425627","56.0975071126892","53.4117638206699","42.9125693835893","63.1172538765865","58.4398275379477","63.1005702119907","41.9502077360679","60.0381426085392","38.9822425159773","38.3220453140497","38.5821488790063","38.1226074326934","39.4819843232383","35.5152820615399","47.5533411431761",
"2Q May 2002","51.5392717544549","56.1511285158065","53.4366058842325","42.926092091523","63.1543735121948","58.5277055074327","63.2428121020352","41.9731991624502","60.1007143199616","39.038874793141","38.4434830169116","38.8638049511157","38.1419373923041","39.4869699166766","35.5115345886911","47.5731443867867",
"1Q Jun 2002","51.7198175418482","56.1870941714666","53.4208738141481","42.8912782486832","63.1625301565683","58.6262174051792","63.4025842088052","42.0222897461494","60.1633325311729","39.4973431657018","39.1791095342805","40.7533216747965","38.1423082675035","39.7244127686959","35.8423291601038","47.6626697935189",
"2Q Jun 2002","51.8054981371619","56.2034881714648","53.3629341752509","42.8841209489784","63.0465448303498","58.7331343322343","63.5564411836755","42.0266713994352","60.2630954984061","39.7164832060642","39.6728974741001","42.1433824010513","38.0650622120499","39.7246860955513","35.834520794028","47.6764991823413",
"1Q Jul 2002","51.8728452847399","56.2460237026888","53.3448666867059","42.8705037510449","63.0243306741844","58.8346570336809","63.6977155121646","42.0361067399102","60.3640501774775","39.8479595478706","40.1337565943035","43.2833544335071","38.1066606896568","39.6515573767132","35.7047955930181","47.714657153874",
"2Q Jul 2002","51.9500354769645","56.2956330540377","53.3482715003116","42.8702719608518","63.0312082592036","58.9291644496156","63.7988117463514","42.092007359833","60.4667413146783","39.9978103417366","40.4854572597609","43.8693289726638","38.3133096599408","39.6759907299201","35.7161022543334","47.7651815782259",
"1Q Ago 2002","52.0785131123445","56.421078230303","53.4481254159852","42.9328300948489","63.166195983683","59.0790522705299","63.9235385170502","42.4250776484817","60.5645315827302","40.1336526842939","40.5641960903643","43.6510048652789","38.5748350601989","39.8472291309935","35.9620631361256","47.7899966965404",
"2Q Ago 2002","52.139125545165","56.4997470924896","53.4334039123367","42.9452705031847","63.125456775088","59.2485645245294","64.1129640336449","42.7871784129261","60.6372648039489","40.1457607590996","40.5696245884394","43.5847901309747","38.624376038126","39.863479386304","35.9624797688907","47.8376290375328",
"1Q Sep 2002","52.3965988709072","56.7972198379164","53.4568652306651","42.9550997365337","63.1618566717769","59.8122866044023","64.2145022521512","45.7028458787681","60.675320605328","40.2963550260959","40.3496112757262","43.1438787307978","38.5408899930162","40.2441448283158","36.4742618838197","47.9619053886236",
"2Q Sep 2002","52.4468502041003","56.867213075112","53.5037925988669","43.069201361008","63.1438212387871","59.9044972986324","64.3543981795092","45.7056466056429","60.7588579326117","40.2931413440287","40.2578174389233","42.8959879056629","38.5454342485186","40.2959398445481","36.5253268329432","48.0154924493162",
"1Q Oct 2002","52.6245430627103","56.9323801658119","53.6101175547487","43.2118511501469","63.2144166343061","59.9291958866344","64.4757175215311","45.7056466056429","60.7058476266325","40.7660506464168","40.2826740641115","42.7692448898545","38.663605378304","41.0468596893879","37.6443014422505","48.04456087152",
"2Q Oct 2002","52.6820471656425","56.9971149747571","53.6722710594243","43.3185839698315","63.2332283488772","59.9961702047728","64.5816291666667","45.7056466056429","60.7634477464533","40.8052213496524","40.3897066646394","43.055288997563","38.6601539387035","41.043870390102","37.6379003847048","48.048289767304",
"1Q Nov 2002","53.0032412540928","57.0428131554487","53.6915005908611","43.3865808605262","63.2054060931333","60.0675136515731","64.7025941786123","45.7056466056429","60.8174543145482","41.8529797076304","40.8423109120443","44.3848883843751","38.571641988193","42.4607144369294","39.7360301677881","48.1291362905115",
"2Q Nov 2002","53.1539952536721","57.1063006000067","53.7446468416767","43.4112215895375","63.2855773764758","60.1408226327829","64.8047397505107","45.7056466056429","60.8929439384224","42.2333924252953","41.8612149783599","47.1067616851849","38.5394896711914","42.4444512703586","39.7076555174475","48.1366840035931",
"1Q Dic 2002","53.2741840093508","57.1583277071544","53.7849059649512","43.4885289837642","63.2899012295841","60.2041140854879","64.8926592720154","45.7056466056429","60.9583600146204","42.5325788430732","42.7229023069871","49.0588377811399","38.7277442133094","42.3941895027167","39.5932463950877","48.2127768739424",
"2Q Dic 2002","53.3456755967794","57.2283397326011","53.767096774793","43.4969094937047","63.2470324091787","60.3595694395741","64.9744031604144","45.7056466056429","61.2401692684449","42.6069932595687","42.8987920773424","49.2154104348049","38.9151486167868","42.4055536384096","39.5795489978537","48.2737156754356",
"1Q Ene 2003","53.5145615207066","57.3707857876834","53.867503195458","43.718561396388","63.2300683667706","60.5424442825183","65.1654167448863","45.706692096862","61.4856526275812","42.8441916275914","42.589300312031","47.9416850337815","39.2001910131965","42.9821271372522","40.2991164984014","48.571766039148",
"2Q Ene 2003","53.5363198299244","57.5248421413073","53.9759315411836","43.8674710332208","63.2987534678534","60.7403826798868","65.3454633853248","46.0369376824846","61.6445455368645","42.515738282107","41.6268493696009","45.2054748326042","39.3322724712919","43.0475344321674","40.3364928215713","48.6929781178564",
"1Q Feb 2003","53.6161002970559","57.6736224102245","54.1152778415939","44.0240597560107","63.4204805028862","60.8977286734268","65.5424489839083","46.1441401117527","61.7840165861552","42.4123067649608","41.2303395692482","43.5497370379251","39.7121699160424","43.1261500268854","40.3954313446478","48.8109883935233",
"2Q Feb 2003","53.7321446128831","57.7921540434498","54.1984639209798","44.1329578086569","63.4783171618552","61.0502568594248","65.7007721809718","46.1878925812713","61.9726037241689","42.5200179627486","41.3234298520346","43.3287920744578","39.9984686133214","43.2428894798992","40.5564405813893","48.8410818335805",
"1Q Mar 2003","53.9440291002637","57.9135563227927","54.3263771546779","44.2821424732737","63.5848204695577","61.1647752981594","65.8749454613106","46.209024565956","62.0689370660375","42.9707642058427","42.2356085191796","45.3625656329441","40.2178851606882","43.4068778395002","40.7889918264907","48.8707634246688",
"2Q Mar 2003","54.0818317253088","58.0213716208455","54.3963648921126","44.3756575437174","63.6316581048534","61.3090570248057","65.9852040717503","46.2701748830837","62.2751252285679","43.1863113559597","42.7271019080663","46.4786070383458","40.3236572013839","43.4509634293007","40.8332225699959","48.9148603386405",
"1Q Abr 2003","54.0880483850855","58.1319921455993","54.4469169030979","44.4574189883239","63.6518148325217","61.4778474743681","66.1071491989882","46.3108205176543","62.5349830395218","42.915386832949","42.1754930039954","44.6228731204867","40.5764444761693","43.354469096153","40.6870778428752","48.9157758600478",
"2Q Abr 2003","54.122240013856","58.1956223688736","54.4610492825769","44.4673469928017","63.6698865306647","61.5895304621465","66.1928693402547","46.3108205176543","62.7130767949794","42.8728646473403","42.0400297912645","44.2078654147094","40.6134443133843","43.3696823319827","40.6344971105896","49.0649885839395",
"1Q May 2003","53.8989583168843","58.2743813030124","54.5297510915983","44.5710494110883","63.7044116814864","61.6777673233329","66.3193392335466","46.3159557193851","62.7987144162882","41.8522384381105","41.8681281815042","44.2993517217456","40.2796988465994","41.8224934147915","38.2945007903441","49.0731772386422",
"2Q May 2003","53.9616429696308","58.3618239498225","54.6030169840496","44.6080343127642","63.8120325247093","61.7786725576104","66.3968133312971","46.3424006392475","62.9490788761178","41.8486580191351","41.9416807093004","44.1809612229813","40.4713070151286","41.7710160871559","38.2097596808008","49.0870496511917",
"1Q Jun 2003","53.9507638150219","58.3770522357415","54.58271183523","44.6252006625877","63.7558343496934","61.8285289859637","66.516331734208","46.3444648942276","62.9544199560441","41.7685186346368","41.6790958739635","43.6007090256629","40.404941185524","41.8042111302278","38.2512786339982","49.1040289260008",
"2Q Jun 2003","53.9994609832705","58.3861214814649","54.5084647009453","44.6394943326419","63.5969710510071","61.9189074994033","66.6172379401646","46.3736916439727","63.0584481309325","41.9218565051521","41.97801279234","44.6737727189344","40.226419371766","41.8670733932676","38.339375175091","49.1174771035277",
"1Q Jul 2003","54.0455678766129","58.4310165853197","54.4997850448582","44.6432861475037","63.5763595372077","62.0159172710843","66.679429897611","46.4066201393528","63.2111171404408","41.9694356299673","42.1378688926285","45.409602980257","40.0311915600491","41.8449073071044","38.2865604937113","49.1556937657818",
"2Q Jul 2003","54.0616275810355","58.4906046489617","54.4817707947278","44.6122757385409","63.5709798911449","62.151016332611","66.7612310326847","46.4231498715773","63.4397359837419","41.8704250497581","41.8749235035062","44.9410259955016","39.8954643517195","41.847745229846","38.2769478959597","49.1831413032085",
"1Q Ago 2003","54.1595399725149","58.6512330902103","54.5949980455756","44.6784550106387","63.7286223272193","62.357229610287","66.8629364457248","47.3453700650468","63.4527997351338","41.8025735808417","41.5802585108654","43.9335716789775","40.0404394567669","41.9207743701958","38.3886951657936","49.1801937684168",
"2Q Ago 2003","54.2709217935092","58.6890402997948","54.6133178138851","44.6957910046181","63.7477524629751","62.4138999926291","66.998341857882","47.4783633943175","63.4073072975766","42.1070897159138","42.0362610288721","44.9756910929285","40.1344671298525","42.1310747107344","38.6421795146184","49.306625015649",
"1Q Sep 2003","54.5278770642699","58.9252166783098","54.6622630144859","44.7108021288971","63.828975569436","62.8318609479042","67.0855704539134","49.619053950693","63.4331242515129","42.416198369603","42.5711194323467","46.0394074879044","40.3424443090904","42.2998487634399","38.882037869709","49.3361447152928",
"2Q Sep 2003","54.5480812085432","58.9775035340035","54.7171477530485","44.7964524879403","63.8538597819783","62.8813844490069","67.1790617326266","49.619053950693","63.4620177967386","42.3527779287928","42.4475910873984","45.4734800911013","40.4916534055244","42.2737847075051","38.8424581528128","49.336598610754",
"1Q Oct 2003","54.7019435380108","59.055923822749","54.7959115043844","44.9084262914508","63.9000945529907","62.9591291875455","67.3033132681559","49.6160853192846","63.5288812140408","42.7047401758794","42.7202664306902","45.9025960915319","40.6673855685518","42.6748159736783","39.4164134869946","49.398806654709",
"2Q Oct 2003","54.7744712354025","59.099854770549","54.849717975442","45.0016861631216","63.9155517584121","62.9932272731118","67.3672275393361","49.6160853192846","63.5491872855149","42.8507803857646","43.1178420822652","46.547394440819","40.9118347048443","42.6645864396006","39.3934434571621","49.4136711184223",
"1Q Nov 2003","55.1505791518781","59.1929024234336","54.9630133342549","45.1556492823356","63.9888883979408","63.0661017755979","67.4390750252195","49.6325001556377","63.6445017301335","43.9743656837803","43.3347945385846","46.3951504277244","41.3556993664004","44.350645842031","41.8871711281463","49.5159407014158",
"2Q Nov 2003","55.234504058861","59.2732979854286","55.0717135356229","45.3163811951417","64.0467330374069","63.1185124293772","67.5218777166723","49.6325001556377","63.6896473027839","44.0660598119713","43.6094241628713","46.8745746678992","41.5036008828293","44.3286957472655","41.8531170467091","49.5177482390702",
"1Q Dic 2003","55.3578011444272","59.3556925527766","55.1527541020287","45.4647028119643","64.0624549806732","63.2018715782677","67.5899682163363","49.6330493306088","63.818646772986","44.2956936221066","43.9926856826457","47.4329677194848","41.7781671857345","44.4628195841333","42.041366400385","49.5458779866801",
"2Q Dic 2003","55.5023384842298","59.4532293152241","55.2085755122157","45.6061284074586","64.0355199311398","63.3397153288876","67.6329029371755","49.6330493306088","64.095201035016","44.5646928172524","44.7552445973299","48.5177310147246","42.3406253263695","44.4251965509979","41.9726285067928","49.5694541138393",
"1Q Ene 2004","55.6852118926543","59.5649479993541","55.336709568396","45.8635872615848","64.0383063449002","63.4349216864688","67.7808810993507","49.6847809412344","64.1588321433464","44.9337275232541","45.1542097237666","48.1584495417305","43.2057185125066","44.7754695641694","42.2067007474581","50.1515975503936",
"2Q Ene 2004","55.8634228062459","59.7012459470656","55.4874273804901","46.0654303234369","64.1387287774148","63.5565490566435","67.893898162712","49.8305165227991","64.2770644736342","45.2204023956641","45.0415745762946","46.8427434406665","43.8342866587431","45.3099748524736","42.2356062429306","51.6883021759732",
"1Q Feb 2004","56.0421517748189","59.8441195457668","55.6505771503058","46.2992870444788","64.2326553730201","63.6790055592766","68.0266238483795","49.9468562737455","64.3910965832018","45.4937998565349","45.3545020746386","47.0633721483649","44.2033793451801","45.5586948078357","42.5221056856035","51.864086963021",
"2Q Feb 2004","56.1737377400873","59.9595783076706","55.7336505665592","46.3953212945315","64.3026454721923","63.8255839106389","68.2723306966343","49.9788547654174","64.4918739998094","45.6659748859876","45.6836400549045","47.0616233850888","44.7355909784854","45.6333160282593","42.6322032747646","51.8691449157898",
"1Q Mar 2004","56.2773487363619","60.0653064370296","55.8305648576523","46.5591816004635","64.3344456387395","63.9394590475734","68.480578242212","49.9928301782257","64.5588259952212","45.7635276994665","45.6190516407093","46.0928935100374","45.2279939328179","45.8315101973296","42.9133287690078","51.9048851164318",
"2Q Mar 2004","56.3193111898529","60.1777358935617","55.9116340842555","46.6370562846492","64.4179862060117","64.0820203306553","68.6487810091969","50.0684689497438","64.7030134182822","45.6181685858588","44.830691201679","43.772143476188","45.3851302899117","46.0855159616182","42.9189805919923","52.6511200089691",
"1Q Abr 2004","56.3177570249091","60.2834810903539","55.9535118332453","46.7122916340968","64.4274667176756","64.2496658129026","68.8570948485611","50.1044208490191","64.8841600780898","45.3326972081792","44.042555154937","42.1573445782239","45.1078411305726","46.1123286851759","42.8235602401796","52.9195307305664",
"2Q Abr 2004","56.4477888252329","60.3556163689448","56.0436301155338","46.88091974771","64.4413981109744","64.3039298766921","68.9778224814249","50.1650716606079","64.8751877756068","45.6161899538019","44.6876979470203","44.3185534930022","44.8178520807114","46.1711065869982","42.8562175057021","53.0302955923559",
"1Q May 2004","56.2369404478146","60.4202672684091","56.1092034154134","46.9631666986279","64.4904465894724","64.3673996952664","69.1155061670196","50.1824790323827","64.8891689699492","44.6763919409614","44.2715190478535","43.5122262747654","44.6428664944698","44.9065939561163","40.9294023906655","53.0653172981621",
"2Q May 2004","56.2467834924605","60.4972179989543","56.1972565601686","47.0615709749526","64.5678897328828","64.4331764043652","69.2016123455748","50.2284574221428","64.9436177901551","44.5088053472593","43.6576694207551","42.166890860494","44.4808661554341","45.0162107616226","41.0897002701717","53.0755773066325",
"1Q Jun 2004","56.2985889905981","60.5905082648246","56.3041610369752","47.2054662139337","64.6384197957824","64.5127692922768","69.286576576412","50.2554001214467","65.0382728212541","44.451567698093","43.0260714956244","40.4576993751307","44.5143201323667","45.3156709007731","41.5380364706887","53.0830236974725",
"2Q Jun 2004","56.3649000282138","60.6486004650187","56.3383475594432","47.2627426319739","64.6501426057049","64.5939505521786","69.3494846711014","50.2942661980744","65.1517269389015","44.5385713831759","43.3424024353538","41.104841513552","44.6262200199911","45.2602238839921","41.449613261147","53.09233158605",
"1Q Jul 2004","56.4488249351959","60.6999307226863","56.3961917295946","47.3731062986684","64.6570393313068","64.6386980644055","69.4357853572427","50.3924968914252","65.1371128021281","44.7082210173031","43.4392433220809","41.3485286457672","44.6324092686701","45.47500627295","41.7431750697386","53.1529723698181",
"2Q Jul 2004","56.5104734779787","60.7503441685909","56.4254271211243","47.4464674438458","64.6436134409386","64.7095706793879","69.5035506932588","50.4195721135933","65.2272923385305","44.7985721700143","43.4854092646142","41.0738760997198","44.8760634135438","45.5927529809455","41.8417777215739","53.3093255420254",
"1Q Ago 2004","56.7254662952484","60.8497124788455","56.5364905204127","47.5596366329383","64.7518272785773","64.7970890402028","69.5474122747084","50.7841286100139","65.24288374838","45.3176368026247","44.4867756197054","42.2631837491277","45.7595007503533","45.8120677014863","42.1840254038386","53.2873237276944",
"2Q Ago 2004","56.9306160678714","60.9380800976599","56.6318000683508","47.6801717016628","64.8221653747293","64.8782953319569","69.6325517584659","51.1405360419799","65.2100194288694","45.8296913397751","45.8034496923696","45.3302324647114","45.995274300327","45.8242202925449","42.1867755038515","53.3181288845349",
"1Q Sep 2004","57.2450754415642","61.2067910635416","56.7386430852724","47.8238848560388","64.8927504614478","65.303885534914","69.7334380488127","53.3460962060609","65.2151566277367","46.2635028605386","46.5143172804694","46.9127016867215","46.1677857565121","46.08577739675","42.5629141773715","53.3551494442039",
"2Q Sep 2004","57.3507586577634","61.2781152593775","56.8230253232346","47.9318196514111","64.9538515367419","65.362150678251","69.8072517901914","53.344647991827","65.2823837320755","46.4580084109291","47.0001908191739","48.2984630995333","46.0983713488244","46.0992546617326","42.5776930344612","53.3661471007651",
"1Q Oct 2004","57.6460499971453","61.3805507693807","56.9747646185915","48.1322541811728","65.0576252926043","65.4160024796902","69.8386174138766","53.344647991827","65.3772545761883","47.2611955167972","48.257577366291","51.4452252834085","46.1893771272068","46.6200080744995","43.3282823994818","53.4364826280251",
"2Q Oct 2004","57.7434443336431","61.4561426696822","57.0667006218731","48.2978796412423","65.0779976177815","65.4753083629392","69.9113825878659","53.3470774772008","65.446266335333","47.4155190176765","48.6713590136668","52.2417854796356","46.366509637067","46.6131379932272","43.2901675122997","53.4912762410274",
"1Q Nov 2004","58.1133355903427","61.5350631777984","57.14127302817","48.3836081294471","65.1412857615447","65.5581319097365","69.9772039629368","53.3470774772008","65.5763072794665","48.5516788796655","48.803847668627","52.3452302637508","46.5165979267108","48.3720256022082","45.9280920874685","53.5259094046655",
"2Q Nov 2004","58.2609812600337","61.5933612721429","57.2048578885211","48.4576242994156","65.1943650352021","65.6110151947685","70.0316937011953","53.3494743937121","65.6471367167989","48.9362490521742","49.8029347117065","54.6950403244268","46.6816163008035","48.3748057680321","45.9037271532426","53.5823213646505",
"1Q Dic 2004","58.3490506068671","61.7023041635721","57.298293644865","48.695691043399","65.1479876275615","65.7346263619866","70.0918525950771","53.354108506999","65.8737444731337","48.9672643661779","49.5125794804868","53.1338997931463","47.1745554421518","48.6053734747536","46.248916923139","53.5880630673217",
"2Q Dic 2004","58.2656437548658","61.769553839672","57.3432574471604","48.7889150288154","65.1461965650767","65.8233438238778","70.1308160466062","53.3541825740533","66.0414807151754","48.4857898421164","48.205827921102","48.9869005678644","47.6199237568046","48.6366144203775","46.1820669975159","53.8132498219501",
"1Q Ene 2005","58.3143409231151","61.9175881790162","57.4865190979042","48.9674260194088","65.254489124199","65.9753959341297","70.2409225509808","53.5926342609235","66.1950549649934","48.2708298613096","47.1065590181833","45.8960462311772","47.7496416106341","48.9709014055572","46.4499534007261","54.2809411702936",
"2Q Ene 2005","58.3039798234877","62.016831076054","57.5387529787393","49.0234959904863","65.3026455478075","66.1201070559075","70.3562889123606","53.6950535106467","66.3811993136637","47.9707622968267","46.2351077292603","43.6472665894219","47.7283673131349","49.0257985665493","46.4798891131053","54.3855096020172",
"1Q Feb 2005","58.4034463799109","62.1558830136307","57.673793848089","49.1715798614742","65.424138500099","66.2624720990576","70.5204522729978","53.7391575701823","66.5411275585154","47.9652474206935","46.3066896546914","43.6042590044356","47.8703679767342","48.9724101616698","46.2944327841193","54.5926013938694",
"2Q Feb 2005","58.6034156027203","62.2597259304561","57.8051881763011","49.2542166396759","65.6014576553241","66.3389638275876","70.6038896203647","53.77255990969","66.6274976461623","48.4170457900388","47.5152722650357","46.2021899565464","48.2206373382561","48.9540403313805","46.2539312016949","54.6178187604303",
"1Q Mar 2005","58.7215321384729","62.3585022847923","57.8766504123464","49.3311358610862","65.6671406406235","66.4639806873093","70.635216542231","53.7980339953798","66.8750559415989","48.585351731098","47.7073174862827","46.6301655476984","48.2669579047069","49.1075245327922","46.459710199354","54.6690555167218",
"2Q Mar 2005","58.8127098151947","62.4118700029267","57.9085600589126","49.3681920261901","65.6938631248848","66.5380681621662","70.6897998896434","53.817461979722","66.9875295945421","48.7765016213889","47.9254370782952","47.4158100637836","48.1350706518709","49.281835790006","46.5773936993124","54.9563878881436",
"1Q Abr 2005","58.8593347635179","62.4737102790649","57.9833521292418","49.4376902108171","65.7731924565128","66.5869942671062","70.7603271270411","53.8383491906376","67.0274763715731","48.7817122101927","48.4973023012637","49.2560756479511","47.9244980622271","48.9351584076239","46.002667797962","55.0577748385132",
"2Q Abr 2005","59.0940136700793","62.5338610680716","58.0487937261897","49.4599146552246","65.8797189192011","66.6417182630493","70.8101787346244","53.8623585288202","67.0981060299042","49.4764838671703","50.2844219354784","54.0619989418035","47.8484823052177","48.9512655387951","46.0013596310394","55.1083869815765",
"1Q May 2005","58.8458653340022","62.5902862777525","58.1217407548728","49.5734442007861","65.913088580604","66.6817670850694","70.837940701111","53.8851600418472","67.1555864458579","48.4247920403806","50.6062827279179","55.1096411646889","47.7226421507466","47.047114084585","43.1037326268109","55.1535302303649",
"2Q May 2005","58.8101195402879","62.6592978818832","58.192957174142","49.6185080677574","66.008932653412","66.7483265642717","70.8984246296803","53.9081034885238","67.2441159009045","48.1131613088506","49.8396529021178","53.2462866463538","47.6331405841378","47.018180148988","43.04921502062","55.1749298038828",
"1Q Jun 2005","58.7246404683612","62.7308035787289","58.2740011636097","49.7216685498767","66.0681015922521","66.8102090412053","70.9460628269344","53.9828963039198","67.3129177851375","47.6123319600165","48.2809370744368","48.911202339446","47.7877501691969","47.1745230387115","43.2384910815874","55.2672848010302",
"2Q Jun 2005","58.8189264749707","62.8228184281857","58.3165635685429","49.7704839555253","66.1043334787639","66.9501091911718","71.0058431360289","54.0422517005797","67.5553606681815","47.7119470959106","48.4121767579786","49.3461910835448","47.7316286594729","47.2544524025804","43.3558263018399","55.2738759395054",
"1Q Jul 2005","58.9836679590473","62.8844909098381","58.3003288482096","49.7532126132411","66.0892163318032","67.0875813155317","71.1018188741087","54.0430617957378","67.7828661147128","48.1471243515052","49.3100698898067","51.34310981918","47.9506909218194","47.4020821530291","43.5901648310074","55.2512492425404",
"2Q Jul 2005","59.0204498627246","62.9274042815686","58.330940106147","49.8123820636336","66.0921304702181","67.14232008446","71.1446687623598","54.0747756057294","67.8567849201383","48.1676267467217","49.3790658206655","51.2988812704978","48.0892705078498","47.3924609318686","43.5730852931937","55.2562935522224",
"1Q Ago 2005","59.0629303711972","62.9902917770123","58.3795198249825","49.8484595333729","66.1523756223836","67.2189046192354","71.1943397517454","54.4900811942186","67.8219356164581","48.1559377803741","49.0574259451278","50.1553094732115","48.2745491398634","47.5732531847769","43.8243724640415","55.2990767613712",
"2Q Ago 2005","59.0810622955451","62.9952690782103","58.3808772942026","49.8550253238726","66.1487131584095","67.2273946668078","71.267845721878","54.6928037868533","67.6943699203252","48.2089346086131","49.1447649449049","50.1813200234896","48.3994696976481","47.604898775562","43.8543583607353","55.3342142517837",
"1Q Sep 2005","59.2913926179818","63.2595745480958","58.4789436820539","49.9978328830499","66.2030156186374","67.652866381039","71.3693742349659","56.8915553261865","67.7013646727606","48.2748102142597","49.0086026119597","49.7933371245366","48.4186970703379","47.7962061442632","44.0769724877039","55.4649823336598",
"2Q Sep 2005","59.3266203567154","63.3316023193895","58.5599346598731","50.0939946627987","66.2688129694943","67.7158301712774","71.4762901334541","56.8915553261865","67.7488845027491","48.2118562083001","48.7454624422121","49.5587843991537","48.1385225474117","47.8575951576877","44.167840431258","55.4685638880415",
"1Q Oct 2005","59.4380021777097","63.4112754952091","58.6557446947568","50.2114622546586","66.343079848405","67.7794019740552","71.570056108437","56.8890633633077","67.8106558970217","48.4054798842926","48.1405881374465","48.4084712357822","47.8708937304691","48.5469842079047","45.2030420384585","55.4796151081956",
"2Q Oct 2005","59.471157696518","63.4820580776273","58.7189710787403","50.2462612247226","66.433181347196","67.8572552264571","71.6842224398882","56.8890633633077","67.8856899212558","48.3391245641747","47.7732756712546","47.2423076330882","47.9963839075016","48.667551059461","45.3802952293088","55.4890384707518",
"1Q Nov 2005","59.8690239222114","63.5489443589472","58.7654320227452","50.3107721519495","66.4619353805059","67.9437942757415","71.7519667814177","56.8890633633077","68.0224941009018","49.6103332583856","47.2660052746619","46.5276451524865","47.6179473761144","51.0425694415581","48.929421811551","55.5611861430282",
"2Q Nov 2005","59.8964808362236","63.6055672799393","58.8407710818691","50.3778548611503","66.544657224063","67.9818974577291","71.7994361988145","56.8890633633077","68.0668052159869","49.5591300270456","47.0917980751836","46.330917748189","47.4579890348257","51.0677744684639","48.938954807173","55.6175146387327",
"1Q Dic 2005","60.1451472272823","63.7266909552114","58.9279123719349","50.5096934534901","66.5881578416979","68.1356754678088","71.8733320877012","56.8890642014644","68.3518611783389","50.1444899658224","48.0230686137769","48.48008597001","47.6371440864728","51.4380502006628","49.4757231515639","55.6614617091834",
"2Q Dic 2005","60.3549594947375","63.7870938126771","58.9661859553908","50.5731358836005","66.6019376551873","68.2174229124238","71.93091560195","56.8914425112914","68.4859303400156","50.7477593022039","49.5175318045258","51.7414181204862","48.0401613843403","51.4876126933762","49.545290907238","55.6718477881858",
"1Q Ene 2006","60.5476759478079","63.8550646312063","59.0742113956018","50.7113665275717","66.6801073615273","68.2459902523111","72.0675210295024","56.9915494291699","68.3881521526241","51.268143781549","49.9621854864939","52.7905814777255","48.1115369926095","52.0547779149651","50.2275370540041","56.0155560728047",
"2Q Ene 2006","60.6595758237845","63.9363773368358","59.1476560854812","50.8142403777406","66.7246993583803","68.3346323994015","72.2538822981112","57.0703302724231","68.391362832406","51.4602600078817","50.3045259716065","54.2340216790841","47.7749775406756","52.1535154958284","50.3419307300971","56.0840394916018",
"1Q Feb 2006","60.702056332257","64.06666881739","59.2602295098941","50.9484523755152","66.815623514746","68.4816582456771","72.399615505816","57.1867444533814","68.5498250908185","51.2690643708592","50.1568639108275","53.5969297275278","47.9290711943787","51.9353768564203","50.0122919346219","56.0846449432048",
"2Q Feb 2006","60.6906591226666","64.1424529877946","59.3264641558926","51.0349328332814","66.8618923853893","68.5664376359375","72.5164249424764","57.2504236567542","68.6129866708522","51.0272567819651","49.5984354318834","52.0329117424567","47.9911889556195","51.8903017572338","49.937685494956","56.0975910942588",
"1Q Mar 2006","60.7155257617728","64.2749867426869","59.4181415783517","51.1093250416715","66.9695162001084","68.7382878250793","72.7316948710373","57.2614887651147","68.8073717911427","50.7679407558734","48.7050511346637","49.8192791520335","47.9128743657329","52.0248574205463","50.0803329155972","56.2170746846212",
"2Q Mar 2006","60.829497857674","64.4424707389395","59.5163620226485","51.1545706798253","67.1179641598374","68.9726729330024","72.8931568949749","57.3127213326906","69.1773926762463","50.7382748465815","48.3344062541798","49.205440882989","47.6928158168006","52.2069493105582","50.3557712550772","56.2160333388162",
"1Q Abr 2006","60.8450395071151","64.5713286014653","59.5844350785571","51.1975107451018","67.2097074789468","69.1603209793274","73.0475675309483","57.3430883459891","69.4551701409436","50.4542850741422","48.0806111009593","48.626611172462","47.6397579262681","51.9043439349994","49.8854681552842","56.2425942255682",
"2Q Abr 2006","60.8776769709418","64.5829883131085","59.5974492708319","51.2331646033331","67.2008481160375","69.170607618839","73.2023587174628","57.3771759009747","69.325421636457","50.5429243194956","48.1039151509867","49.2802216724231","47.2748124072039","52.033513426698","50.063503061779","56.2761251173645",
"1Q May 2006","60.579795356653","64.6203280655501","59.6281379160297","51.2792916310566","67.2164589581229","69.2142794067875","73.3498322197607","57.4017602192163","69.2824247545411","49.3609678109514","48.5461934917948","50.0919980835198","47.4885589315371","49.8434886029356","46.749790981293","56.2906375158165",
"2Q May 2006","60.6015536658708","64.7085977753775","59.6944344365003","51.3664272445575","67.2622185694343","69.3236204147412","73.5083321102962","57.4733720040641","69.3609829318152","49.2062880604987","48.1951535844309","48.9658039056495","47.6156916307643","49.8108195380772","46.6796929537061","56.3316717830574",
"1Q Jun 2006","60.6461063942687","64.8202650261148","59.7863033620673","51.4513309814193","67.3601056776558","69.4541339632123","73.6741763744687","57.5200236805809","69.491271059051","49.0719806282094","47.6637228689778","47.6924671939846","47.542348630474","49.9231845254668","46.8403409280666","56.3494349005558",
"2Q Jun 2006","60.6404077894735","64.8993543345398","59.7817722286743","51.4870784950569","67.3168643017235","69.6145256617986","73.7918422558603","57.5377963452411","69.7448780817993","48.8413726576435","47.0573943840226","46.6799999078134","47.1874754064015","49.9260038586401","46.840731403628","56.3570704134289",
"1Q Jul 2006","60.7771743045556","65.0011737010001","59.832344630236","51.5448364843259","67.3601497051202","69.7659399325789","73.8917628038452","57.5714867691314","69.9876356995849","49.0705130666557","47.3534588150472","47.2304998409013","47.3261918266533","50.1134764504826","47.0869765436822","56.4297314149328",
"2Q Jul 2006","60.8414131222459","65.0538647405276","59.8714665573028","51.6657329349614","67.3203228062984","69.8316510269058","73.9478219846537","57.5693560224601","70.0881922523842","49.1639477506051","47.559408934902","47.9326911867044","47.2260644254631","50.136996068348","47.0754743349828","56.5225799702803",
"1Q Ago 2006","61.0216962557628","65.1365701628587","59.9660506402853","51.7234728818437","67.4496453606107","69.9023995500025","74.0399474317266","57.9927465528971","69.9984567501626","49.6006557701212","48.3690309985204","49.2610475153369","47.7144427341971","50.3419216803048","47.2448681658179","56.7990679802295",
"2Q Ago 2006","61.2175210387215","65.1450752553238","59.9739813381302","51.7064071319196","67.4815611957244","69.911428574594","74.1142550811178","58.1059853612882","69.9069944166316","50.2905448254649","50.0935787620484","53.2283843227869","48.0539301627826","50.388972855939","47.2923352334453","56.8456158051971",
"1Q Sep 2006","61.5848220205143","65.4515791106652","60.1774132357573","52.0334345529588","67.5645977598198","70.3172403695643","74.1646120053513","60.1341361400155","69.9830676378489","50.8160408375094","51.33620420188","55.7867546621828","48.4834998698878","50.468890809144","47.4003776083198","56.8705267785134",
"2Q Sep 2006","61.8884022395975","65.5427370507747","60.3035683771361","52.190207022389","67.6603662401521","70.3738322157787","74.2387569534489","60.1341361400155","70.0455921707246","51.6786702030892","53.7168409204315","61.2886541901034","48.9366067980474","50.3884467421758","47.2765405091283","56.8752424436547",
"1Q Oct 2006","62.0629867683199","65.6164162079727","60.4136277527166","52.2874859380165","67.7819025228594","70.411670751809","74.2792559597239","60.1341361400155","70.0955896391462","52.1193724336725","53.9684063173544","61.9117131684486","48.9588261748621","50.9463912881026","48.1042471081245","56.9041643603869",
"2Q Oct 2006","61.9505688373625","65.6805676384075","60.4961731892779","52.4537720233118","67.7832857540905","70.4575843072667","74.3072122206788","60.1341361400155","70.1753796644328","51.5404434116137","52.6557281190094","58.371030426184","49.0212068624488","50.8233863604085","47.9117699680191","56.9175392127754",
"1Q Nov 2006","62.2676184859614","65.7667503996484","60.6199912084772","52.6188306162214","67.8665159969428","70.5066468067239","74.3289713426943","60.1341361400155","70.2679664268363","52.466097500677","51.5482788011428","55.5845984635191","48.9502334361083","53.0111327954323","51.2029659771989","56.9407035112276",
"2Q Nov 2006","62.3966141763237","65.8742252858088","60.7363889089067","52.790910165385","67.9284899731603","70.6049433749519","74.4739592788559","60.1341361400155","70.3619426299396","52.6501188709478","51.6901982140538","55.7735619337158","49.0628702445657","53.221211557943","51.5168657340278","56.9471504475563",
"1Q Dic 2006","62.6375097426611","66.058602525281","60.9004904178208","53.0124304981857","68.0361430400364","70.8083176148256","74.5465439149526","60.1341361400155","70.7616306161685","53.0398344936666","52.4958061530802","57.3701859992974","49.3795477248802","53.3524781184286","51.6910199669472","56.9945989394402",
"2Q Dic 2006","62.7473373987116","66.1033425927636","61.02357862214","53.2254768461224","68.0717876580998","70.7763658844165","74.6224465954897","60.1387170706712","70.6182087949715","53.3200641045747","53.1416722649444","58.3408206468847","49.8239876403988","53.4055189050397","51.703358537484","57.1283872895297",
"1Q Ene 2007","62.9545593912607","66.3165129709237","61.3172244452692","53.7914725063409","68.1012826779901","70.9100367222407","74.771150152412","60.2250850996591","70.7553927247274","53.5107013918954","52.8434180176398","57.3848317857609","49.9314736998573","53.8996612251273","52.1038307766297","57.8108732620403",
"2Q Ene 2007","63.077856476827","66.4589916934841","61.4406428614186","53.9958497698345","68.1459114429994","71.0705074893204","75.0117921879682","60.2736062129206","70.8859475590172","53.5820311935564","52.987404446536","57.1709357223632","50.2955628827118","53.9258382849279","52.0338728192568","58.0270989879263",
"1Q Feb 2007","63.1669619336228","66.6008460007747","61.5560188217136","54.0651333416796","68.3047674683464","71.2375993910463","75.1756214653679","60.3901264021917","71.0739333429301","53.5300389870927","52.8924549646578","56.7418816717788","50.4065912877348","53.9005467070431","51.9102771275993","58.1957922367855",
"2Q Feb 2007","63.218249376779","66.6797056437308","61.6179893149168","54.0849432262606","68.406832295268","71.3326071898555","75.2621414663467","60.4634701730979","71.183987653021","53.5074144984064","52.6766210207224","56.0401747688373","50.4904706598908","53.9979136377872","52.0283291533598","58.2529632010336",
"1Q Mar 2007","63.2695368199343","66.7727772691023","61.70112700352","54.1249448582382","68.530845551177","71.434974372689","75.3766651383083","60.4749663082898","71.310200297947","53.4482164418815","52.6550297582839","56.0949322454314","50.4219040021848","53.9153903449069","51.8942268562064","58.2717533102649",
"2Q Mar 2007","63.3892075206315","66.9005349834294","61.773673207289","54.1894438231194","68.6105941181274","71.6160853776268","75.4756057773781","60.5156692934261","71.618982340085","53.5453208082937","52.7952700717073","56.3891131498043","50.4670289517603","53.9856617039152","51.9857500912113","58.3005261191165",
"1Q Abr 2007","63.2565854454001","66.9277454519297","61.8449185101172","54.228876425997","68.7119113324781","71.600182984403","75.5725603565885","60.5496688377521","71.4815683182486","52.9917813146107","52.837287526643","56.4098080124953","50.5220873691511","53.0625516391973","50.5863417145397","58.3118901980949",
"2Q Abr 2007","63.3260048129042","67.0042123406553","61.9544110141383","54.3363793831346","68.8225052157336","71.6440725323259","75.6914113009798","60.5802781721435","71.4625085997904","53.0412788323104","52.9260439525728","56.1396257798374","50.8317171583126","53.0876463532932","50.6105673690712","58.338870986495",
"1Q May 2007","63.0017023945655","67.069766022242","62.0431346501549","54.4589943444082","68.8779706621174","71.686719105922","75.7710825297095","60.6004430972915","71.4801250077437","51.6880773412548","51.7430632118539","52.4925818214103","51.1688991729242","51.6293825906155","48.405055688029","58.3466035392259",
"2Q May 2007","62.9633663259436","67.1270950067976","62.0788082297063","54.4967585671863","68.9113685878687","71.7649433354133","75.8183311023387","60.6479793212471","71.5975011586352","51.3962471487488","50.945421542835","50.1599890765486","51.318352073147","51.6517936523189","48.4280344235836","58.3680449101639",
"1Q Jun 2007","63.0151718240812","67.2341471125002","62.1836188495031","54.663740375392","68.9555993830469","71.8737195787057","75.8754276583875","60.7459547518266","71.7558106429267","51.3024340789241","50.5219136227049","49.068767442992","51.3070029114506","51.7627615494049","48.5768221016913","58.4050668751645",
"2Q Jun 2007","63.1016870059702","67.34620694664","62.2808523524382","54.8383535605945","68.9776802922756","71.9997694422117","75.945348880629","60.7907290094398","71.9632183606036","51.31986690017","50.5284963463927","49.0504664552596","51.3288969243988","51.7869238668788","48.5836082955598","58.4637112835129",
"1Q Jul 2007","63.2565854454001","67.4625442732689","62.3797264232605","55.0362257065069","68.9805949568289","72.1326528874201","76.0184292556696","60.8075282145125","72.194533576362","51.5753825390887","50.9430516186824","50.4643191472113","51.1270941153083","51.9435565102516","48.8142840210266","58.4751637564448",
"2Q Jul 2007","63.3954241804075","67.5265675877977","62.4566498432817","55.1383481171322","69.0327088565051","72.1838030283013","76.0897921019251","60.8373336882057","72.2352660089927","51.9116216429123","51.7989479339419","52.5726296247682","51.2097805642762","51.956935238332","48.8127938827994","58.5179997151897",
"1Q Ago 2007","63.5249379257505","67.6429175660824","62.5615670210333","55.2883941814271","69.0934383371997","72.3108110424585","76.1816339284466","61.400314797043","72.2189512267563","52.0737738459865","51.9178936146595","52.4753212565331","51.4616560471693","52.1458411415422","49.0457707294812","58.6211401593655",
"2Q Ago 2007","63.6435725164846","67.7114790707334","62.6749967581622","55.4506128057829","69.1590966808663","72.3352665831696","76.3037324942317","61.537216111585","72.1102261576652","52.3256402990927","52.5736426496079","54.0872965292241","51.5270494646575","52.1467818998191","49.0251931983057","58.6645870300943",
"1Q Sep 2007","64.0398845772342","67.9619961652447","62.8122142487841","55.6780451698697","69.2085188084918","72.6953205860226","76.3967252924632","63.5430882253077","72.0520087634533","53.1034389362939","54.2907605630661","57.9874207776384","51.8959427231779","52.3409055087806","49.3085042074729","58.6838730765706",
"2Q Sep 2007","64.1155206045142","68.039827675727","62.9175098232491","55.8684431988916","69.2311734723089","72.7459990342047","76.4755497200857","63.5430882253077","72.0967829402503","53.1731509044078","54.4602776904969","58.390067184155","51.9215093572073","52.3486066019177","49.3078889963439","58.7080513659695",
"1Q Oct 2007","64.3201523221558","68.1658667741698","63.1131429242392","56.2002317091574","69.2943878002267","72.8035410257085","76.5004445062362","63.5430882253077","72.2059356323936","53.5838743769264","53.9124445374432","56.7286200742532","52.0607304823439","53.3543867703204","50.8049137789541","58.7503964935986",
"2Q Oct 2007","64.334139806653","68.281636361697","63.2471163511369","56.4680266913599","69.2986448498156","72.9010344859815","76.6031709299417","63.5430882253077","72.3362213657761","53.3277741866258","53.2250799540445","55.3292155611815","51.8133985925853","53.3662180506359","50.8013711982257","58.7926719352522",
"1Q Nov 2007","64.748065736769","68.3645387618131","63.3899605107745","56.6896297139775","69.3646713885978","72.925051189021","76.6656692387892","63.5430882253077","72.3347450297918","54.6141163850884","53.9179076457621","57.1061623628916","51.8370221910477","55.0205144450693","53.2876315516708","58.8149785266893",
"2Q Nov 2007","64.8143767743847","68.3924186361769","63.4555636986938","56.7671694944358","69.4183060890004","72.9159777527808","76.7348849201716","63.5430882253077","72.2515138634467","54.7821075894257","54.3326152903622","57.9656242994945","51.9769084989902","55.0352180145174","53.3026210346526","58.8292167954851",
"1Q Dic 2007","64.9418182998024","68.5987550002034","63.6384992002922","56.9947281968008","69.5569614693674","73.1442671775019","76.7777034943449","63.5464190748635","72.7337365733571","54.6982514212177","53.921808993327","56.6159647222299","52.1452252415869","55.1544336462214","53.4612284359942","58.8714374882067",
"2Q Dic 2007","65.1568111170713","68.6808872659988","63.7957123009395","57.233637190027","69.634425225344","73.1527355669389","76.8779494102565","63.5586522365065","72.6577562967328","55.2634608330386","55.3300249583698","59.2693274045219","52.7835059584647","55.1958780046195","53.4583203198354","59.0007604726478",
"1Q Ene 2008","65.3350220306629","68.8476708947305","63.9863731098975","57.549396385681","69.7033398555429","73.2954824137565","77.117423131467","63.7279925548444","72.7007649389764","55.4714389547196","55.3036232507747","58.7243945066849","53.0765193917444","55.5493043121466","53.7979045937615","59.38391462545",
"2Q Ene 2008","65.3661053295458","69.0273529153575","64.0512711915734","57.6730658568979","69.7112244877925","73.5864579143931","77.3495453371269","63.7924078191176","73.1312087908543","55.1091667201422","54.1428928180426","56.2749865264441","52.7119960786006","55.6830367705324","53.8233115493151","59.7324996561927",
"1Q Feb 2008","65.4484760715833","69.1410494404959","64.1965641320813","57.7919803951808","69.8808127302909","73.6688110357643","77.5996672964169","63.8755859731776","73.0607321835745","55.1064196241847","53.5211842887306","54.6040191483464","52.7378668994728","56.0646583480317","54.0174655312257","60.4869592884383",
"2Q Feb 2008","65.6411925246537","69.3267156944756","64.3899776853314","57.9961058789973","70.0624875300437","73.8461075170344","77.7653108734879","63.8839579775902","73.31344090407","55.317661763951","54.026305970108","55.0227437738403","53.2951009228498","56.0933046102582","54.0370205825024","60.5337548141357",
"1Q Mar 2008","65.9546157883835","69.5450324710599","64.5747106211712","58.2111213395234","70.2167212446704","74.0962678578675","77.9058011860434","63.9385926600737","73.7371230661227","55.880038077938","54.6418734598232","55.9922902058678","53.6913177457363","56.6223827641066","54.4814093930768","61.2336753514957",
"2Q Mar 2008","66.084647588708","69.5979186836161","64.714524904166","58.3990972132861","70.3091717732","74.0640496407731","77.9899555274235","63.9535665314396","73.5815094456749","56.213116457495","55.4041393220956","57.6932936826616","53.8737673639328","56.6887828478935","54.4887990136856","61.4170730560353",
"1Q Abr 2008","66.1235017123107","69.7645442254927","64.9159462360015","58.7050270148334","70.408572444801","74.1959783528231","78.1525756283484","64.0014348202478","73.717460965026","55.9128239568419","55.9998928387175","58.8529888832804","54.1208995429195","55.8321995142399","53.1257925421712","61.5549116904659",
"2Q Abr 2008","66.2167516089579","69.9255477719036","65.147545042424","59.1105969261696","70.4711108800565","74.2873555012923","78.3362796225014","64.0470378263299","73.7425235230534","55.8260528908738","55.7626190610847","57.8767678340743","54.3392514284661","55.8389299762724","53.1262911557792","61.5739958776295",
"1Q May 2008","66.0416490252539","70.1015229210907","65.3813542784372","59.4800294591948","70.572729939423","74.4060990828305","78.5080791604478","64.0720682473816","73.8491135272535","54.7240546534631","55.158223230085","56.0152889769541","54.5103939403486","54.428450212915","50.9951720077424","61.5772821883665",
"2Q May 2008","66.1556211211559","70.2546012354114","65.5671744980502","59.7130222643021","70.7117963928232","74.5265447132886","78.6307723499815","64.0955456830137","74.0045395436332","54.7334442084346","55.1697196417688","55.7634661372063","54.6840408075101","54.4365269764493","50.9945429947247","61.6026079158798",
"1Q Jun 2008","66.3441931343748","70.4334927951684","65.7630864278511","59.9348352176324","70.8813407085629","74.6880418308832","78.7415466750933","64.1560596653619","74.2498943951931","54.9459728525726","55.2587542520826","55.8730879886147","54.760202305506","54.7256429427255","51.4193570989067","61.6256672992826",
"2Q Jun 2008","66.4006611273446","70.5818635374182","65.8223936089501","60.072410748282","70.8649218773308","74.9227289731509","78.8519077441742","64.2212524555088","74.6611785329607","54.7571228472008","54.7658033604032","54.7899927652685","54.6317870762256","54.7257255079719","51.4172566413881","61.6300620073708",
"1Q Jul 2008","66.6550261231978","70.7456269700282","65.9461484886244","60.2378758295164","70.9476377160777","75.1248456041477","78.971086450085","64.2877583348688","74.9894783801013","55.2499185804966","55.4713538117534","55.9624579595799","55.0482352131005","55.0861691487559","51.8227353398157","61.9039955787048",
"2Q Jul 2008","66.8296106519202","70.8356669702463","66.0379996480919","60.3282398258499","71.0402379003602","75.2127266134677","79.0639031516149","64.3143739756895","75.0961341491674","55.6465860330048","56.2225588032351","57.502492934775","55.3119744965148","55.262484792566","51.849704475853","62.3764702914965",
"1Q Ago 2008","67.0357965345063","70.9956848872338","66.2625624342727","60.5431584636054","71.2724112539573","75.3090299008532","79.1328482535761","64.91136041039","75.0167252846581","55.9723781201529","56.3065172255659","56.9305410700089","55.7997183114413","55.7382978496936","52.4587315185097","62.5923951376048",
"2Q Ago 2008","67.2197060528931","71.1704026003521","66.5224711818661","60.8457571453365","71.4893283938458","75.3998106707464","79.2630463022051","65.0510045312612","75.0513129509632","56.1797011850135","56.2561472837317","56.3607483184823","56.0693647812739","56.1055466057915","52.4631645126649","63.678706638904",
"1Q Sep 2008","67.5139612823119","71.4557034424279","66.6824804803086","60.9707691358043","71.6818142983009","75.8062062375987","79.3339649166351","67.1979932360509","75.0628915230888","56.4951745898146","56.6258492499792","57.0947857294036","56.2138723931227","56.3871949130869","52.7978466850533","63.8575141684819",
"2Q Sep 2008","67.6559083472084","71.5402307272971","66.7743796437089","61.061006976001","71.7746296542091","75.8831690605279","79.4045024447353","67.2095355066479","75.1706783092637","56.7877271220351","57.1410003057466","58.1718170158541","56.3818470521938","56.5413775771018","52.9099175785255","64.0959120419091",
"1Q Oct 2008","67.98539131536","71.6394752181074","66.8738288014449","61.1355989224107","71.897251015531","75.9817831800575","79.5580900692221","67.2095355066479","75.2576185375152","57.723864596242","57.4468765276688","58.8150580118994","56.4792786862407","57.8684548496385","54.8736015635563","64.1746283997431",
"2Q Oct 2008","68.1050620160571","71.7658337939166","66.9299733911197","61.2054117699338","71.9398316123182","76.176149262868","79.8320539552455","67.2091309448387","75.4550905569576","57.8254709721791","57.5931783227412","58.397308294753","56.9726554544645","57.9422576671169","54.94113831978","64.2613059121088",
"1Q Nov 2008","68.7479682479393","71.9809784116193","67.2223838732856","61.5520761336246","72.1778860346608","76.3149195522227","79.9644276293271","67.209076068266","75.6530555965955","59.5938910464397","58.946828549266","60.9581285866036","57.5798785225123","59.967404759884","57.8420650107232","64.5704318978049",
"2Q Nov 2008","68.889915312835","72.0772322779375","67.3939093125208","61.7821794097551","72.2917931017865","76.3372620472528","79.9895718012506","67.2085106383843","75.6816915653669","59.85639399366","59.6600186274809","62.2898984693791","57.9105408091213","59.9499119163212","57.8119185456045","64.5778123735449",
"1Q Dic 2008","69.2028205215833","72.3768989307632","67.7402734793837","62.320412372581","72.4510297057003","76.5900340881843","80.0490795529064","67.2147621153009","76.2036907230846","60.1998203976641","60.4929706264779","63.3213726456297","58.6194134488385","59.9891858908388","57.8474507603577","64.6247420057998",
"2Q Dic 2008","69.3882842049147","72.5043953205306","67.9822658912056","62.7090619835808","72.5501577635802","76.6051855266383","80.0935635623339","67.2147621153009","76.1981959580468","60.5387076934344","61.4622295171289","64.8276871844741","59.2557974262488","59.9364592949537","57.6556273315559","64.8463825457887",
"1Q Ene 2009","69.4918952011892","72.7006889452684","68.3478181440838","63.1445040981617","72.8457719172259","76.6353665254598","80.1765030794062","67.2735770681319","76.1689730106327","60.3949633202622","60.9949476991349","62.8105869336282","59.7440482720613","59.9936962199525","57.264090750126","65.7903566835459",
"2Q Ene 2009","69.4204036137598","72.8169487416692","68.461264779619","63.2584057033986","72.9579391702009","76.7538686881676","80.3986180455483","67.4594297262977","76.1656229007652","59.82845677925","60.1312209245733","60.1383325607197","59.9960526074054","59.6120285370648","56.5986635654881","65.9665517950673",
"1Q Feb 2009","69.5390382044939","73.0175261725517","68.707237469975","63.3492244667369","73.351328246465","76.9092528696386","80.6132307682851","67.6275080161703","76.2604863895382","59.7294210878236","59.6813914345544","58.288849049538","60.4092331949043","59.7308783423429","56.6645576893728","66.190794858393",
"2Q Feb 2009","69.6799491594266","73.1770214687245","68.9165798447996","63.4333337746364","73.6795575573837","77.019386461155","80.8002802873405","67.6407643355364","76.3382933266557","59.8190213921478","59.7828539538378","57.7275457583796","60.9186652767252","59.813069973252","56.756397857945","66.2544857238409",
"1Q Mar 2009","69.8954600316778","73.3741952701427","69.1593358479581","63.6738673439964","73.9226541456911","77.1711992515799","80.9659196590368","67.6616260696353","76.5277463109957","60.0820830147102","60.5061640102378","58.5649825187196","61.5701127037889","59.7901977170772","56.7132926757868","66.2714201569099",
"2Q Mar 2009","70.124440333444","73.5735026080091","69.3637943297995","63.9102558318614","74.0948997209721","77.3646124788048","81.0840248512988","67.6911425851074","76.8518234731036","60.387344980592","61.2242159750928","60.0638592642732","61.8057013874261","59.838977739762","56.7770138410301","66.2910209848016",
"1Q Abr 2009","70.2244249448487","73.7427383789577","69.6295348151542","64.1672149632292","74.3671156168212","77.4388886149166","81.0857931409159","67.7046592002528","77.0147538435321","60.3028274124072","62.5344592598051","63.2380174763433","61.9651299139996","58.8883710571775","55.3119877423672","66.3499935425903",
"2Q Abr 2009","70.2855554326507","73.8268640469953","69.8125689737601","64.3300863430975","74.5681856014458","77.4260768653944","81.134543837424","67.7226942460127","76.9342679505073","60.3019126702793","62.6034731082921","63.288971313133","62.0451166186219","58.8440318600275","55.2306680225236","66.3783910037029",
"1Q May 2009","70.0446598663126","73.8899562460139","70.0466003357626","64.5647321609374","74.7998895725817","77.3219934432649","81.202775416913","67.748944415875","76.6241544033496","59.2591468354276","62.8407472407946","63.9686238611945","62.0094186174491","57.0068723516753","52.4605076800342","66.3715383158575",
"2Q May 2009","70.0565751308838","73.9731685834369","70.1544684054129","64.6602537083697","74.9188334044358","77.3807713800184","81.2440369820427","67.8116015141658","76.6964378484802","59.0822137474889","62.2581211909109","62.3714567244658","62.0529046197735","57.0819535926067","52.5784079735937","66.3625572127755",
"1Q Jun 2009","70.150861137494","74.0776236421833","70.3189634331069","64.750861114983","75.1531801849976","77.426151352957","81.3116220406613","67.8190613873628","76.7362697984614","59.1481817856238","62.442683092073","62.8462360111218","62.0583233610825","57.0742449821076","52.5657772886682","66.3645178491811",
"2Q Jun 2009","70.2078471854446","74.1581639269587","70.3513203726696","64.7672094419522","75.2006956755901","77.5533875910156","81.3613514594006","67.8412781485317","76.9735897662329","59.1425001643336","62.4003818230701","63.3941706875231","61.6525942053288","57.0913064060736","52.5765388702985","66.3941371253062",
"1Q Jul 2009","70.348758140378","74.3125211889491","70.4569700389456","64.8384565231779","75.3386531967002","77.7546324453905","81.4322411235703","67.892573387235","77.3495330694608","59.2470461815329","62.6595166422925","64.5840251680877","61.3379452851194","57.099805041647","52.5837273011571","66.4052809334024",
"2Q Jul 2009","70.3917567038313","74.3771783841138","70.5379658056052","64.8962839341761","75.441333575043","77.8030564608145","81.4900251323004","67.9151479994498","77.3991625920285","59.2332624962149","62.5933416269476","64.5831127046634","61.2317197083125","57.1185622686409","52.5281967129242","66.5708872971226",
"1Q Ago 2009","70.4694649510375","74.4390770222411","70.6881999567418","65.0126533822236","75.6230274090533","77.7784373704203","81.5313088342161","68.1783775061184","77.2008788355331","59.3504256945623","62.2751234812137","64.1834161557642","60.9643753641828","57.506036231952","52.8631545086753","67.0647027102573",
"2Q Ago 2009","70.6083036860448","74.4793491677215","70.7412167312151","65.0093552066543","75.729819948752","77.8060911830044","81.5996601702936","68.3913018969035","77.1177437428178","59.7489215718152","63.322997548316","67.0982243027644","60.860145875804","57.5010870469249","52.7393520356421","67.294461562641",
"1Q Sep 2009","70.8864992110411","74.7039061562638","70.9227794168192","65.1760051819204","75.9243800397585","78.0716528704213","81.6812412664077","69.9788234123654","77.0200899501052","60.1674181342637","64.4334857005282","69.7499422641221","61.0189919989187","57.489666655278","52.6853962018898","67.3669737057492",
"2Q Sep 2009","70.8989325305945","74.8032866104483","71.0617455142635","65.3956312737974","75.9847285985364","78.13195148811","81.7720930881762","69.9804056405626","77.0753839571709","59.9495911825833","63.8554727906298","68.8876186263881","60.6173401778476","57.4956141704071","52.6844543390532","67.3865683087847",
"1Q Oct 2009","71.1444905917648","74.9693994169165","71.2133019421846","65.6218688767087","76.0633250775339","78.3115562567552","81.8379031310284","69.9804056405626","77.4268158057701","60.4024349623943","63.1092856716033","66.8687444005113","60.6566101881399","58.6928261804717","54.4746964558849","67.4206076249019",
"2Q Oct 2009","71.0698906744471","75.0206984515878","71.2900242691914","65.7030275687064","76.1352108580022","78.3378099038209","81.8628463437632","69.9804107527097","77.4643527241872","59.9960012850192","62.0090926175181","64.2490379043709","60.4946618967018","58.7174015016899","54.4921899643144","67.4593360236975",
"1Q Nov 2009","71.4434083160158","75.085323683692","71.3771858198323","65.7415229583059","76.268537505786","78.3801507263552","81.8926560307961","69.9804107527097","77.534297396629","61.1832778960285","61.73573541373","63.5930322234582","60.4575682901053","60.8111496889959","57.6471162177422","67.4713551133578",
"2Q Nov 2009","71.50920129865","75.1204803517209","71.3971000484033","65.7388760999167","76.3100053989709","78.4300373223565","82.0323538890848","69.9804107527097","77.5223139667622","61.3297591697482","62.1071583300368","64.1825117595738","60.6938846448561","60.8178754230779","57.6397293309214","67.505999480567",
"1Q Dic 2009","71.6910385971114","75.3811457555161","71.5502324902363","65.9310162631587","76.4244803432146","78.7945651643104","82.1448889466601","69.9898522168052","78.2508141436761","61.302544765995","61.8184250769467","63.2598219291695","60.7962263560416","60.9530739047287","57.8458299026557","67.5020765248871",
"2Q Dic 2009","71.8521536963181","75.5233534821336","71.7269149603537","66.2598620748784","76.4534866781774","78.9024954533919","82.2395934421704","69.9898522168052","78.4122142839636","61.5108544939713","62.1611480029954","63.4540683848482","61.2296488849505","61.077815768268","57.9761874309306","67.6165703889349",
"1Q Ene 2010","72.3898947669819","75.8945288686328","72.2190769363436","66.8089416550069","76.8872483549512","79.1539314977921","82.5173253319479","70.1411223496365","78.6764970779729","62.4853624543243","63.0851851886006","65.4431950792436","61.4956992096211","62.0832026116801","58.6140203212993","69.3546918582429",
"2Q Ene 2010","72.7141971853206","76.1439150302042","72.4164350033188","67.0501027561101","77.0410082102091","79.4530350767149","82.7245181884971","70.3079306714516","79.1073063474938","63.0047192534445","64.0464887872668","67.8238322324843","61.5807598392229","62.3278692648531","58.6188990417337","70.0746061911577",
"1Q Feb 2010","72.846819260552","76.2702132943449","72.5795211813936","67.1488800755862","77.2647428226726","79.5428663831541","82.8731484790982","70.3970468324707","79.1431832378188","63.1532670151003","63.6576983538262","66.7463271830771","61.6169868792694","62.8100268245802","59.0382699895444","70.6840299132205",
"2Q Feb 2010","73.096521761573","76.3963466836379","72.6767433253125","67.2660294550521","77.3420757228786","79.6966810048124","83.0583190485887","70.4233769688963","79.3174098296088","63.7281992742433","64.6150626910589","68.8429112886423","61.8706358474404","63.1472004456959","59.1264060987256","71.5153449505875",
"1Q Mar 2010","73.4306672245575","76.526244370179","72.76127462669","67.3186640889089","77.4566611310471","79.8703100954661","83.1260677419443","70.44245608127","79.645833691217","64.5990880270276","66.4575492960817","73.4772245899031","61.9896592809866","63.4143253620699","59.4600624593525","71.6528724850527",
"2Q Mar 2010","73.5487837603101","76.6760328680495","72.8228020876646","67.3128763298764","77.5824823271234","80.1056252726932","83.1875942320776","70.470611762746","80.1173663737333","64.6325066438134","66.3630123291117","73.5735584948032","61.7777726441686","63.5271869362756","59.5257950122877","71.8595792791963",
"1Q Abr 2010","73.3223937334508","76.6535648699313","72.9299715257075","67.3975410932466","77.7105037946466","79.9566790885356","83.1991927874611","70.489158293405","79.7588152706124","63.8678310643306","65.7470641453111","72.148882596179","61.6612507742874","62.6705166718059","58.0657378071704","72.1888390040114",
"2Q Abr 2010","73.1887355482571","76.7138121486414","73.0188768488674","67.4586164196801","77.8255190589747","79.9886838070995","83.2944631408598","70.5049437686437","79.7397508896686","63.2233169860864","64.0291532842952","67.5312696345583","61.7329714137586","62.6928747860387","58.0959352315465","72.195865205546",
"1Q May 2010","72.7950137624144","76.8370808272484","73.1514551633762","67.6174256897292","77.9318822901858","80.1023279661519","83.3930949104454","70.5361519333595","79.8982625270876","61.4653047001624","62.9030056750883","64.4626396342101","61.805626991359","60.5433173438213","54.813540932994","72.2691894784238",
"2Q May 2010","72.7924234875075","76.8879187607752","73.1463509485016","67.587694839712","77.9505042012785","80.2075662619925","83.524036934375","70.5778547176028","80.004207579498","61.321594295996","62.3935539255437","63.5401960280399","61.5516405133054","60.6267960313578","54.9185530187915","72.310702873809",
"1Q Jun 2010","72.7608221336439","76.9107732607799","73.1236786932063","67.476200206576","78.0134380280973","80.2747731187699","83.6181359555222","70.6113130631928","80.0596932889213","61.1453012455039","61.7012654123159","61.9315140041381","61.4252545496616","60.7710134898695","54.96544817997","72.6481118720233",
"2Q Jun 2010","72.7815443328986","77.0258809946415","73.1400107210699","67.4385566527006","78.0815677677653","80.485824315953","83.6585514975348","70.6468210971109","80.4918545708245","60.9156688104259","60.9362003860055","60.8463408417193","60.859004693754","60.8739871128681","55.1234103483155","72.6431763107458",
"1Q Jul 2010","72.8892997690238","77.1336378147318","73.1140551302422","67.4437685821758","78.0258248431277","80.7236680576783","83.7263619856922","70.6751505044754","80.963429938285","61.0221678120029","61.0719246410262","61.6515192738502","60.5821242012087","60.9622870131383","55.2193618386007","72.716960810622",
"2Q Jul 2010","72.9695982911368","77.1237727761591","73.0816083552365","67.4518768671141","77.9546090596297","80.7358942155734","83.7884421211426","70.7361061475247","80.911114538836","61.3407301649193","61.7594360527431","63.3270799902156","60.6596114302322","61.0515852783437","55.3520984807414","72.7210696383918",
"1Q Ago 2010","73.084606497001","77.1909040693267","73.2122740796061","67.5262638138313","78.1384396544634","80.7407004093375","83.8567957346134","71.1490135476141","80.6961674033531","61.5814521394301","62.0144852547116","63.3262494962833","61.0716994072103","61.2832958917145","55.6501291471271","72.823360984042",
"2Q Ago 2010","73.1783744486297","77.2158964559698","73.2609722248611","67.4806928172195","78.2774535828701","80.7424384997084","83.9185169912942","71.4719209849571","80.5159881893457","61.8575390108944","62.5055359116039","63.6137916167908","61.6870206973528","61.4257617929432","55.8405785462396","72.8720199990937",
"1Q Sep 2010","73.4731477330301","77.471396915862","73.3914610134853","67.5545348278232","78.4614625326975","81.1188897007809","83.983139980726","73.2375024788346","80.6164665853671","62.252655109711","63.2542636956739","65.3380026998966","61.8333304162117","61.6011017635475","56.0842227585602","72.9136407690748",
"2Q Sep 2010","73.5570726400122","77.49421883288","73.5011259379827","67.5891097111038","78.6425426137807","81.0568206657237","84.0316923250444","73.2375024788346","80.4306628602713","62.4978592286276","63.7251784693211","66.6350171627926","61.794435120724","61.7060259074977","56.2386975872841","72.9214089744907",
"1Q Oct 2010","73.9119403022515","77.5862696306479","73.7142559286467","67.8060114530782","78.850463297904","81.0302525913837","84.0840588151439","73.2375024788346","80.32262247714","63.5441780191606","64.3337217747066","67.9037797869795","61.9950329227621","63.0237008932446","58.218045591187","72.9411522161721",
"2Q Oct 2010","74.0259123981534","77.6756201998116","73.8163981227483","67.9422704219733","78.9190308871363","81.10672603175","84.1410095803135","73.237528042566","80.4461346967707","63.7228753463932","64.6577373262491","68.6331608078131","62.0686835445347","63.1120725344628","58.3403259631562","72.9631497084109",
"1Q Nov 2010","74.5304979500098","77.8188850601813","73.9984599689083","68.1522825104422","79.0728567422569","81.2114887091165","84.1875386074267","73.237528042566","80.6437738455391","65.1799188986243","65.1816804088816","69.8443532570115","62.1682176212322","65.1478678768215","61.3955669711493","72.999247887048",
"2Q Nov 2010","74.5931826027556","77.8110057859125","74.0462519194337","68.3222696755673","79.002755049514","81.1492872360511","84.2503912879218","73.2367132141305","80.4450833540321","65.4278926949683","65.5895436761573","70.894919501933","62.1793599978839","65.2964345210321","61.5767910760164","73.0843186144161",
"1Q Dic 2010","74.7372018875766","78.048499301745","74.2075271386001","68.6297234365821","79.0222251981024","81.4601686386322","84.3165010970466","73.2367132141305","81.0965312851398","65.3239632129291","65.3072626225727","69.8989944780504","62.3372184726686","65.3033085127678","61.5608251985159","73.1363490158082",
"2Q Dic 2010","75.1247070136427","78.2531470715662","74.5480552313247","69.3159903792725","79.0276620727058","81.5312575164794","84.4036990745541","73.2430994518161","81.1778944798478","66.1916419215249","67.3037233808373","74.5506775636081","62.694014302063","65.4696154736366","61.7192741715805","73.319300122328",
"1Q Ene 2011","75.2554240038464","78.4162682278713","74.8788094984251","69.8725066607657","79.1648508017716","81.5444293196594","84.5030613432402","73.3963009361476","81.0630317299754","66.2328782637821","66.5121911851249","72.4796822307342","62.7194588791711","65.9750654430395","62.1501742532838","73.9829189388924",
"2Q Ene 2011","75.3365586874211","78.5999555314281","74.9629401132758","70.0195685353379","79.1950255569398","81.8170471664676","84.5980962143318","73.5366779765551","81.5506382348889","66.0260941430249","65.7391994004371","70.7831185670455","62.5361395002247","66.0842667723552","62.2585435226621","74.0936082810212",
"1Q Feb 2011","75.4913155838692","78.774998436449","75.2371607923927","70.2604642258826","79.4977939098026","81.9033399828897","84.6829698180028","73.5633811688517","81.6566849839181","66.1248260565442","65.6849749156242","69.9920768867409","62.9525086997457","66.2681212936988","62.4731740130318","74.211115797861",
"2Q Feb 2011","75.6656049041409","78.8731745784077","75.4040707343002","70.5762794848052","79.5370382154169","81.9400193003243","84.7587195328865","73.573733642526","81.6631199759079","66.5101616722132","66.5473710965538","72.0447423039854","63.0549166751371","66.3868966776395","62.6436572371871","74.2189282793563",
"1Q Mar 2011","75.7024160105776","79.0612736985363","75.6044019798916","70.9375414441929","79.5993921882739","82.1170989082807","84.8347123546473","73.5871980427156","81.9899305254288","66.124895166708","65.1154762175502","68.5290185629493","62.9535707456267","66.5857303210957","62.9518229831644","74.1832797948995",
"2Q Mar 2011","75.7437345994351","79.0574511795743","75.7645577154698","71.1613861136034","79.7049367027772","81.9666684491485","84.9685877680697","73.6090600514435","81.5071685979264","66.2920595848497","65.464777410459","69.1764359506168","63.1125619722532","66.6510939067594","63.1218919064464","74.0244190650666",
"1Q Abr 2011","75.6753711160526","79.0978860645023","75.905864870903","71.3780407765979","79.781639474637","81.9168976398392","85.0343376454026","73.6406941588216","81.3188162547301","65.9198369186146","67.0840495634534","73.4149945415091","63.0593384295474","65.1691657549951","60.9245299884005","74.07735003526",
"2Q Abr 2011","75.7602620349781","79.1400866130623","75.9878461619232","71.5442717733148","79.7913892942499","81.9235124093647","85.108144588774","73.6607473153155","81.2552909553071","66.1232833025945","67.4928431832917","74.2357858017247","63.2051021717917","65.257815305196","61.0484157562707","74.0903634611219",
"1Q May 2011","75.1923192499549","79.1963163270611","76.0843508129967","71.7480572632924","79.7959173400699","81.943708303063","85.1816223370401","73.6629007274793","81.2287432923814","63.815179955087","65.6737132195577","69.2243634370187","63.4243934838518","62.6806619360625","57.1651969746457","74.3148402433146",
"2Q May 2011","75.1254582607128","79.3233958561805","76.2373411086338","71.9012501027178","79.9487222756125","82.0475654556899","85.3024795232788","73.6846435071347","81.3412301433866","63.2078785505334","63.7018413065281","64.0789185300175","63.4789436399878","62.8350590034945","57.368045589971","74.3651468540066",
"1Q Jun 2011","75.0841396718553","79.3553582351571","76.2515011700713","72.0040776621801","79.8868687990063","82.0954304186964","85.378770785125","73.7088695376799","81.3684537038525","62.9629459088164","62.7905025906915","61.8643596914977","63.3997216596215","62.9620322789919","57.5115654096494","74.4563736812534",
"2Q Jun 2011","75.2261253681111","79.4710923389552","76.3949757704017","72.1773432782018","80.0047933033216","82.1863112288971","85.4214727795848","73.7460725108317","81.5231573383869","63.1765618436821","63.1895659918438","62.9023110814325","63.3908364018536","63.0719300347299","57.6595255144376","74.4845310336158",
"1Q Jul 2011","75.4635194422742","79.5845936464122","76.4161950216427","72.3190304550902","79.9227367554732","82.3822699549223","85.4560070391421","73.7620750288295","81.9331252787181","63.7580687666326","64.4707674340098","65.5672021075678","63.7886290297748","63.2624535796957","57.8715477553785","74.6285412942209",
"2Q Jul 2011","75.5694452791634","79.5986793607835","76.3446470357046","72.3153303269739","79.7930299622533","82.4729128048967","85.53117949417","73.8070478441339","82.0529974561436","64.1209896903496","65.294914715915","67.0002042515734","64.2241297038609","63.3676765587885","57.9912771706237","74.7024415096102",
"1Q Ago 2011","75.6340525271951","79.6686583660409","76.3777562863732","72.3166089210679","79.8534243102774","82.575825423857","85.5544064771348","74.6668056606717","81.9994446449619","64.170683893712","65.2176938866863","66.2915502561856","64.5501867560738","63.4880506234025","58.1325064046079","74.7778671694049",
"2Q Ago 2011","75.6370575154757","79.7053731021479","76.5193668136263","72.3501182338461","80.0876964825746","82.5187387593695","85.6130035228135","74.8764055217236","81.7462012153591","64.078031453083","64.7433243054938","64.7716438125583","64.7434733630155","63.6083523067738","58.297993271694","74.8011590926036",
"1Q Sep 2011","75.7970731414147","79.878459692421","76.6719870776908","72.4859251095777","80.2547187526283","82.7100474848119","85.6841908281547","76.2316532117696","81.6944616533754","64.2021284949286","64.8041130123658","64.5609202806142","64.9776954657351","63.7675531229163","58.523980303791","74.81702392621",
"2Q Sep 2011","75.8444017068333","79.919457378991","76.708508746876","72.5543413673806","80.2638951810329","82.7550289933084","85.7371217387256","76.3057394236722","81.7225620024793","64.2681077250249","64.8268514773158","64.5423920379007","65.026797595474","63.8575378309283","58.6557035507823","74.8174552177548",
"1Q Oct 2011","76.3094236432478","80.0822512658452","76.925103962091","72.8527168964138","80.4103655573551","82.8696483562308","85.8112596904469","76.3057371963495","81.9123057448531","65.5746113590029","65.0126731678862","63.8856844754274","65.7507994250783","65.7868195204609","61.4775776756","74.8315943333079",
"2Q Oct 2011","76.3567522086664","80.1298961555073","76.9989178520466","73.0223958258293","80.4019910634158","82.8938750462119","85.8597616984612","76.3091245776372","81.9191282147631","65.6196578013853","65.0014359365886","63.3413240858754","66.0800675504126","65.8631752653554","61.5857599743181","74.8396429004568",
"1Q Nov 2011","77.0944768315403","80.3296098727676","77.1697335539069","73.1749380003507","80.5884591179515","83.1193377487239","85.9245696185272","76.3090944729655","82.371920713623","67.8584712232908","65.6539543866188","64.0331978765954","66.7076333417034","68.982913802562","66.1400177790071","74.8814317392652",
"2Q Nov 2011","77.2221888334635","80.3995597641764","77.2743714074228","73.415753717225","80.5763470386313","83.1582429654509","85.9921568658899","76.3050268478565","82.3959368340868","68.1477543486758","66.2533102856654","65.2425883441303","66.9175258291377","69.0988821982787","66.3100286688901","74.881449039174",
"1Q Dic 2011","77.6128373099345","80.678214141643","77.5719961433544","73.8166531361096","80.7854141350253","83.4198133469223","86.0437081543627","76.3053633245314","82.9443331377191","68.8502081297853","67.7784071921437","67.5276671234368","67.9576479666081","69.3416210342798","66.6522642483519","74.9106339475235",
"2Q Dic 2011","77.9719334094597","80.8643236861497","77.9023058926274","74.2244863842048","81.0492395931447","83.4769142777493","86.110965925809","76.308885171507","83.007996746334","69.6898550561365","69.7821887146146","70.6089517777403","69.2737870834728","69.530956467893","66.8658735636434","75.0475209150036",
"1Q Ene 2012","78.2198449426047","81.0233213391174","78.2923114020595","74.8185254739026","81.2643022730374","83.4293023244163","86.1978630833506","76.4942638587636","82.7561774427768","70.1862492710518","70.7234958862958","71.4517873845021","70.2782537005706","69.7785418916001","67.0535083706026","75.4227261024047",
"2Q Ene 2012","78.4662539816095","81.2430430300352","78.5020462258135","75.1152956693444","81.3994077524808","83.6578560966276","86.2657045100054","76.7792761567514","83.124728465424","70.5046214042513","71.2812720679876","71.9174110532819","70.8950452835674","69.962953011718","67.2810100437421","75.514437887478",
"1Q Feb 2012","78.5203437706593","81.4545417264913","78.8522212573383","75.5018296952483","81.7183862820689","83.7452737534999","86.3658817090126","76.818625429576","83.2144076834062","70.1208476627158","70.0889827190158","68.7644939007823","70.9546832220938","70.030526754836","67.4745457978554","75.3122962055318",
"2Q Feb 2012","78.4835326642226","81.5018101771983","78.9442534800647","75.6116570736452","81.7951561050276","83.7524989630413","86.4252493125226","76.8203615128864","83.1721335907188","69.8500060454621","69.3486624690959","67.0158841015851","70.8581541955168","70.0218418786089","67.6495192168436","74.9106411740937",
"1Q Mar 2012","78.5210950177294","81.6349698900797","79.0569117234202","75.7117186167044","81.9186045545688","83.903929853507","86.5081224374503","76.8224268415071","83.4369753263639","69.6202107906569","68.6910929878981","65.4514844018216","70.7795966470037","70.0308894511373","67.7811163081572","74.6574321280959",
"2Q Mar 2012","78.5729310655688","81.7196190742473","79.1372035801718","75.8063659071637","81.9865836999744","83.9924374757526","86.5907671728893","76.8227231325498","83.5584674732913","69.5807069294384","68.5013776555815","65.3008452087571","70.5648697432513","70.0751909519531","67.9385933823894","74.459441041685",
"1Q Abr 2012","78.2453873429894","81.7424742453869","79.275058301407","75.9367749743356","82.1308108318532","83.9124637975761","86.6763209565987","76.8227231325498","83.2912988195723","68.2748058434707","67.8774609483761","63.758685667964","70.5272637443215","68.3910893727188","65.4607705276609","74.4782601998712",
"2Q Abr 2012","78.3558206622994","81.8581579559581","79.427440406054","76.154262704213","82.2273678165872","83.9952851625","86.6943337088659","76.8498243066083","83.4549126129461","68.3708116672571","67.8514846611406","63.9577255894656","70.3575611222832","68.5549535165074","65.6882366983927","74.5055894247426",
"1Q May 2012","77.9816996213715","81.9753832622127","79.5306387999892","76.335822206048","82.2633812625058","84.1249999089321","86.7802235499545","76.9354503600209","83.6411551003713","66.6270974051714","68.0415126203292","64.2985571390589","70.4513235744194","65.7358454975885","61.5531314305554","74.510011717702",
"2Q May 2012","78.1259390588377","82.0597721757089","79.6509737657551","76.3875771670897","82.442498948186","84.1772129421366","86.8799874324877","77.0837346414199","83.6168437192638","66.9361262101594","68.580956597761","66.1553167068928","70.1495432129604","65.9159390842019","61.7455509230868","74.6632479564879",
"1Q Jun 2012","78.3145020734419","82.1437524796769","79.8591578632286","76.6760728259304","82.581817976467","84.1501080922038","86.9507329676863","77.114714746075","83.47570457961","67.4156369109229","69.5383042904686","69.134824770297","69.8155962706416","66.1283115235988","62.0485275602329","74.6811761244617",
"2Q Jun 2012","78.5128312999579","82.2455295109389","79.8993976468605","76.7731751111813","82.5733078601538","84.3068594077713","87.0078241904341","77.1537386975882","83.7665895845288","67.8836980623178","70.6617117657006","71.5417683125322","70.1195190542132","66.2302887488894","62.1885082896473","74.7015600738558",
"1Q Jul 2012","78.8185888575035","82.4140382184722","80.0838895383379","77.0447832897776","82.6831029750609","84.4610035039854","87.0898691444939","77.1777105246998","84.0316693462619","68.5731934905967","72.2531681448483","72.2662838438969","72.2651433230487","66.4158686870535","62.4572366902905","74.7087213287084",
"2Q Jul 2012","78.8892060820963","82.4872286510326","80.1819470014719","77.1430629635483","82.7809624278911","84.5119285270111","87.1622508914835","77.2201176571555","84.0641051458043","68.6349126542871","72.1366408251349","72.1613072377755","72.1412056793382","66.5768669984623","62.6880260391814","74.7199491039279",
"1Q Ago 2012","78.9966344131258","82.6159599383466","80.4029662790012","77.2005193167394","83.1421832172051","84.5580901812187","87.2244743432747","77.8649213839396","83.9089029645369","68.6822960751285","71.882524505262","70.8915200395693","72.5357320296133","66.7922666474071","62.9762562405595","74.7789285556504",
"2Q Ago 2012","79.1844461806599","82.6553002155928","80.4928850879935","77.3139250724187","83.2119603568291","84.5521918577534","87.2845104615566","78.0070648100701","83.7923974039761","69.2854918303675","73.3610462737269","71.6672439984367","74.4635508678182","66.906529193993","63.1562019618384","74.7523357580412",
"1Q Sep 2012","79.3820241601058","82.7532498268199","80.6479122613365","77.4874272526864","83.3511374832771","84.5990663499369","87.3618709727582","79.7180217180261","83.2935340164479","69.7598817219179","74.5092712811806","72.3519332344233","75.9081620044502","67.0045177088212","63.270380136398","74.8154191084566",
"2Q Sep 2012","79.4962137147665","82.810603642816","80.775251518898","77.5709551493716","83.5160253782641","84.5938222909245","87.4616817140306","79.7180217180261","83.183532253124","70.0322863271119","75.8876778850913","74.0037316044749","77.1123401406043","66.6598947146175","62.6914382731921","74.9731162886379",
"1Q Oct 2012","79.8538073201514","82.9495793140305","80.9154842435522","77.7262723402148","83.6433158164726","84.731612719502","87.5192035394676","79.7180217180261","83.4426603929869","70.9994654524149","75.5932115508956","72.9884396785032","77.2781858994198","68.3289635762823","65.1256318056582","75.0004959013185",
"2Q Oct 2012","79.8275136726967","82.9913695584904","80.9715038403628","77.8964999079123","83.6014234517995","84.7606623448748","87.5816977615327","79.7180217179528","83.4478423212928","70.7840268284889","74.701017343773","71.303618365218","76.8919954166321","68.4911553666356","65.3462372118187","75.0372594526731",
"1Q Nov 2012","80.457058717471","83.1393185706657","81.2530731668576","78.159890798885","83.8985551234733","84.7890788506817","87.660621215953","79.7180217179528","83.4354445040715","72.7558320312677","74.4563293067087","70.3754661309922","77.0837705779703","71.6956393983469","69.9471165686764","75.2451447430607",
"2Q Nov 2012","80.3090630446541","82.8874447288296","81.2565229694349","78.2033953179105","83.867666744012","84.3090364878589","87.7389832869377","79.7180217179528","82.2590023279121","72.8981051276737","74.6303041812174","70.9733884176617","76.9870170501467","71.8200191179417","70.1125706233277","75.281300207089",
"1Q Dic 2012","80.5291784362041","83.1018337908034","81.5384336034656","78.4608086404788","84.1705567131761","84.4629612632782","87.8117530758824","79.7261122975707","82.5376078429439","73.1339698614903","74.8264524743529","70.7755120641251","77.4348861765476","72.0776626162834","70.4850379590834","75.2925528319058",
"2Q Dic 2012","80.6073081314983","83.1256396711648","81.7109035306971","78.6281919964046","84.3473740151214","84.3538391317781","87.8788896233599","79.7261122975707","82.2217577219979","73.3612669973953","75.3651294611779","71.3650561786565","77.9412257998088","72.1310118598485","70.5395155915748","75.3433446738319",
"1Q Ene 2013","80.7312638980708","83.2728120802495","81.8458797421889","78.8441708244725","84.4128983430686","84.5118509592326","87.9564851192707","80.001816464111","82.422045197154","73.421117708779","74.9449873224604","69.7898069813158","78.2587381755995","72.4583713615991","70.9079411395653","75.5819540872922",
"2Q Ene 2013","81.0535488911593","83.6601661364964","81.7980969140046","78.9247992324484","84.2550354000705","85.2880811083407","88.0782239534636","80.2448850002807","84.0051022698051","73.5613963874038","74.8813653800116","70.4062999435281","77.760705400522","72.712110544985","70.9496471732123","76.2887239124676",
"1Q Feb 2013","81.2466193881844","83.863600840982","81.933802575384","79.0312079064123","84.4158462443783","85.5519811891575","88.1611977806134","80.3151846319066","84.5063014263954","73.7238148184857","74.8608435781999","71.0682703142426","77.3042665333843","72.9762697180578","71.1337213107508","76.7235422476626",
"2Q Feb 2013","81.3360177895306","83.9189168630973","81.949614272915","79.0239113962543","84.4514668251382","85.6425928119264","88.2351674146469","80.320376282754","84.6396123439145","73.909591992068","75.0001020797255","71.0417259498362","77.5494634101983","73.1876951776357","71.3899334806754","76.8385665788206",
"1Q Mar 2013","81.7597211370876","84.1331662363956","82.1141157638903","79.2105546957163","84.5969740848625","85.9012261978002","88.3298657037599","80.3238182777588","85.1379589825152","74.9168440081452","77.1892436596915","75.4428865817006","78.326393603541","73.5344787698423","71.8255557763997","76.9943237718928",
"2Q Mar 2013","82.0151451409339","84.1541416885329","82.1118056685311","79.2458604604811","84.5624170200502","85.9430115275602","88.3977253449862","80.3276587484038","85.1658534517338","75.825456425737","79.6083926671354","81.2699432000317","78.5695757972967","73.5995506469268","71.8480146323625","77.150405055701",
"1Q Abr 2013","81.93851793978","84.1968771342886","82.2305552735864","79.4498998726763","84.6082370488596","85.9191666282383","88.4595790402928","80.3392866212345","85.0430926807813","75.402894794939","79.7759264205853","81.0607573766048","78.9726381391176","72.8297728216595","69.8052495169121","78.9613292509684",
"2Q Abr 2013","81.9445279163411","84.2251240985247","82.2314175988968","79.4606425526886","84.6006508842205","85.9713996330135","88.5595070344244","80.3536915649219","85.0581249911632","75.3453249628768","79.3657631334303","78.7493481229607","79.751151539576","72.9796714107292","69.8360362307004","79.3527009948999",
"1Q May 2013","81.6613077708997","84.3452395738817","82.3483293240794","79.6826926073329","84.6276609661504","86.094321253935","88.6274939250307","80.3821972690171","85.2666781911963","73.8943610453884","79.0188930472544","76.5705823633375","80.5495996918768","70.8790510668342","66.6875008097258","79.3764982141123",
"2Q May 2013","81.6763327123024","84.4092812749029","82.3956369129589","79.7336297130938","84.6718650291858","86.1730202630553","88.741635991459","80.4080517470842","85.3254016377835","73.768588101465","78.5110274464123","74.1182211685466","81.2574508485591","70.978104078001","66.7679381192228","79.5132904699201",
"1Q Jun 2013","81.6380191117255","84.4690245073144","82.4300561429275","79.784056551479","84.6925964792976","86.2549446369011","88.8565402298735","80.4685713991024","85.3801291443216","73.4467312741288","76.8585567393322","70.3648141341882","80.9185051027058","71.439189635918","67.2754980631189","79.8801594219716",
"2Q Jun 2013","81.5997055111485","84.5021233444601","82.3379148795808","79.7172945572171","84.5787539200025","86.3977405250594","88.9454505681555","80.4940948318368","85.6145671953731","73.2014477743469","75.9420237245748","68.5941060370885","80.5360103056701","71.588873980974","67.3501992126527","80.1818557200574",
"1Q Jul 2013","81.5997055111485","84.5318397318935","82.2865007366053","79.7794189085808","84.4302553240221","86.4985186562687","89.020671762859","80.5287007645716","85.7620813052182","73.1157750449089","75.3503548986896","67.6381940137109","80.1720697196617","71.8009328449402","67.6584955276061","80.1988142982094",
"2Q Jul 2013","81.5839293226756","84.4966920314115","82.2149781131084","79.8117777737465","84.269905756196","86.495231532105","89.0845565364572","80.6727239792441","85.6442081345808","73.1545186684447","75.1377866014347","68.1038420229887","79.5354742702385","71.9875501361985","67.8206692259798","80.4349856031335",
"1Q Ago 2013","81.7965322435243","84.5851779245755","82.4208576410974","79.9232716078819","84.5564925679278","86.4808930463073","89.1952000958085","81.4519184305759","85.2556083410704","73.7269944327633","76.1530649589677","70.6103205618027","79.6184403844729","72.2994778003852","68.2300748128679","80.5492981975969",
"2Q Ago 2013","81.8521245267143","84.5960990881743","82.5093047188795","79.9309087515809","84.7140385737274","86.4239097279882","89.2541192010194","81.5156711048554","85.0422865976834","73.9123439644538","76.6289472474071","72.2617766443463","79.3593429869208","72.3138758538655","68.1559854407649","80.7430850633965",
"1Q Sep 2013","82.1285834485245","84.8512733902228","82.8084606805132","80.1089150021402","85.1167871848054","86.6405607588447","89.3090988426623","83.2515720200451","84.9537339323449","74.2495866075175","77.0456837765989","72.6202408123966","79.8125119390311","72.6043437460125","68.5744840485754","80.7739988112953",
"2Q Sep 2013","82.1368471662961","84.878035369841","82.8004783351554","80.1555350033532","85.0621154853675","86.6977550838087","89.3732097578254","83.2379666336275","85.0257848534376","74.2029343938961","76.8597673137711","72.8189276403442","79.3861379163601","72.6396355772137","68.6115202208542","80.8057543742251",
"1Q Oct 2013","82.4666446300859","84.9935160221033","82.9122611417631","80.3684710307233","85.0874042339416","86.8164746567698","89.4489168262208","83.2379922660023","85.225432812307","75.1551322344854","76.1310063153995","71.9003535666876","78.776049820688","74.5809211938075","71.4972580680599","80.8323706154606",
"2Q Oct 2013","82.5793316906064","85.0618498620721","82.8708472817997","80.3579386159156","85.0195842794876","86.980935847211","89.4916134320109","83.2379922660023","85.5658038334508","75.3940542670445","76.6683245020362","73.9779699717121","78.3503592139311","74.6442648710236","71.5302567115736","80.9572321809125",
"1Q Nov 2013","83.2817477011839","85.1567145770311","82.8957377985074","80.3813307896583","85.0457559988352","87.1370905415768","89.5792576620545","83.247152985092","85.8378197014012","77.8573956735538","78.4628768524774","78.438751943833","78.4779599700289","77.5011263712874","75.7694222632074","81.0117759473922",
"2Q Nov 2013","83.3020313720776","85.1286137514079","82.846605161041","80.3917784159681","84.9456774917709","87.1274113536158","89.6733030866983","83.2471529850187","85.7187295589342","78.0171021664111","78.8720613506019","79.1094524242569","78.7236422400767","77.5140382849884","75.7790343806892","81.0313774728078",
"1Q Dic 2013","83.6378388124286","85.3880716657845","83.081620601039","80.5570112195863","85.2403626422312","87.4082782842261","89.7461467001824","83.2471529850187","86.3000910016465","78.5729582080103","79.5011260067404","80.0277152483127","79.1718975078769","78.0268178729151","76.339942461216","81.4465871170187",
"2Q Dic 2013","83.9030290281868","85.4553670173158","83.2518060312226","80.7330486797529","85.4055441207943","87.3854528346266","89.7996347275818","83.2471529850187","86.191899201683","79.4110249996088","80.7035115126167","81.8562331102427","79.9828192326121","78.6505170199201","76.3907827105001","83.2316318064738",
"1Q Ene 2014","84.4702205661398","86.0459438634395","84.1990557308026","82.3735119744559","85.7600409999313","87.6636220731746","89.9006008445881","83.5083889529336","86.6571093095032","79.9091938587781","79.9449885195716","78.4539448543151","80.8772029075694","79.8881320334722","77.7651561351199","84.1919991909727",
"2Q Ene 2014","84.5678826852575","86.2538543937714","84.2366435141858","82.708414717275","85.5434008194777","88.0207172733713","90.0316856520162","83.6620117745823","87.3091546973934","79.6879074016647","79.1791651229475","76.5245418592539","80.8388603142205","79.9872548677875","77.8045222570287","84.4122656295859",
"1Q Feb 2014","84.6685497926558","86.3560700566944","84.3182290211568","82.7696572180629","85.6423812166304","88.1410027658308","90.1239894397535","83.8243656514503","87.445102506474","79.7863856997236","78.7018383961872","75.4692179812867","80.7229027900919","80.424540814258","78.4160610417569","84.4962922346784",
"2Q Feb 2014","84.7970130416491","86.429049987898","84.3295919568136","82.7668105550699","85.6658944904716","88.267952652957","90.2387125497711","83.8460073799452","87.6172476662336","80.0746730572431","79.2983383954646","76.2085926424543","81.2300762199823","80.5314737273274","78.5087653664559","84.6320704841989",
"1Q Mar 2014","84.9435062203257","86.5219932113075","84.4362909694552","82.8223115262149","85.8163719052865","88.3488472632132","90.3182169451456","83.8460073799452","87.7246507588218","80.3771159838961","79.7618255670893","76.9585372057417","81.5144675620547","80.7391571093884","78.8637467135178","84.5411396076676",
"2Q Mar 2014","84.9863273033235","86.6342455423514","84.519964150506","82.8992031000689","85.9058439004798","88.4861318999158","90.3746646027706","83.8624791327161","87.9823244500978","80.2169470615999","79.3649847047577","75.3538059683574","81.8728110132316","80.7182475891711","78.9362226178866","84.3309116585216",
"1Q Abr 2014","84.8285654185949","86.8617607781376","84.6463655789958","83.0583822743614","86.0042177463381","88.8022121115089","90.4550602303083","83.8700639874093","88.6358430320931","78.9444771884511","78.8524482955761","73.1857203800285","82.3953393715778","78.998627623881","76.3347830399729","84.3989871977124",
"2Q Abr 2014","84.7857443355971","86.7984129379116","84.7036891650955","83.1616709685698","86.0222375051869","88.6331688944803","90.527935017961","83.8802009793723","88.1630622610076","78.9606337697744","78.4905048980004","70.7964066655202","83.300926780361","79.2372608408514","76.5049484985568","84.7764237505999",
"1Q May 2014","84.4732255544203","86.8467425085704","84.815465023899","83.3871129887956","86.0368197452651","88.6259262430385","90.6126371171136","83.9300743569389","88.0437851492081","77.6043199613016","79.1376721612364","69.9119532185283","84.9056775780906","76.7020849499314","72.6517886905497","84.9131706540948",
"2Q May 2014","84.5986838151331","86.9763666983326","85.0017355232086","83.6175255265753","86.1853452869123","88.7059342709045","90.6812738837074","83.9713981808868","88.1474532848625","77.7169581017601","79.4513397472421","68.7669573105797","86.1313151673368","76.69643597801","72.6342423769435","84.9316409283303",
"1Q Jun 2014","84.6670472985155","87.0770408377998","85.0806654494624","83.7617376400305","86.2084537451899","88.825654035905","90.7786739249305","84.0573524364083","88.3005399555065","77.6930649700407","79.0703353145973","67.8906605616167","86.0599721043071","76.8826695990556","72.9039000183497","84.9487506787081",
"2Q Jun 2014","84.697097181321","87.1154671142191","85.0279675299338","83.8112149922077","86.0683878325598","88.9438954476082","90.8400571986681","84.0814768520408","88.5062934631719","77.6978775321246","78.8817577101307","68.0819220740141","85.633915546006","77.0012742690752","73.0558854778378","84.9996831327546",
"1Q Jul 2014","84.8646252779614","87.2375778599924","85.0098514811204","83.9210780108073","85.9408394908952","89.1888299994529","90.9021783415282","84.1107497653712","89.0056423605067","77.9970082570148","79.2578629673837","69.5023819581458","85.3570805626983","77.2551126482252","73.4042461610191","85.0618983095572",
"2Q Jul 2014","84.9652923853597","87.2823180667062","85.0284733584674","83.9730061362938","85.9309818742321","89.2564470939158","90.961524024638","84.1552365277487","89.0889168128445","78.2593894626669","79.9236390503562","70.6056640048899","85.7493238419808","77.2801335254923","73.4339445062642","85.0774366482143",
"1Q Ago 2014","85.1260592583689","87.4106074113902","85.3703579553391","84.2000230298229","86.3710875036668","89.1976496415226","91.0397075501477","84.8274635798681","88.6629299319278","78.5156095749123","80.4384222373233","70.5208636170119","86.6389722648082","77.3842133409388","73.5560277268733","85.1450185155799",
"2Q Ago 2014","85.3131197788329","87.4798244084733","85.425556023337","84.3030832663597","86.3853596064816","89.2791457343631","91.1117167463839","84.9715615153928","88.7347481153477","79.0425394930233","81.8492523136611","72.5384553929563","87.6704492748108","77.3910503089208","73.5068218585291","85.2654700200779",
"1Q Sep 2014","85.5895787006431","87.6889814330283","85.6279291100438","84.3926397514146","86.6841998706714","89.4942447692217","91.1900334855767","86.820963795134","88.5834364570839","79.5155160327688","82.8311819738759","73.8535161945134","88.4441022424398","77.5645553218921","73.7638303287392","85.2696901215764",
"2Q Sep 2014","85.6031011479055","87.7138544840314","85.7159395405585","84.4573801277654","86.7921080502311","89.4638161691645","91.3028908058262","86.8231829989372","88.3958897638202","79.4948871443198","82.7299188085678","73.3237271791387","88.610757430132","77.5913721981829","73.7960533281124","85.2855472710269",
"1Q Oct 2014","86.0290582366729","87.8153979237804","85.7807960336443","84.6308915538158","86.7640559241692","89.5974934848926","91.3565987587957","86.8231829989372","88.653054817951","80.8583919102401","82.6252503283224","73.2109252709405","88.5111740449058","79.818760229365","77.116723686806","85.2965456075741",
"2Q Oct 2014","86.1101929202476","87.8795735885552","85.8512017775813","84.6702137412449","86.8610405839294","89.6562122608453","91.4135516070807","86.8231829989372","88.7317916502007","80.9911016026103","83.1078406674162","74.583671379743","88.4372307052518","79.7455977358312","76.9781400406216","85.3560101262222",
"1Q Nov 2014","86.7449966945129","87.9898055596587","85.960435235196","84.7680255259114","86.9800404813389","89.7673188238552","91.4947275815907","86.8231829989372","88.9080534698999","83.1417757930786","83.8781166117891","75.6256566673289","89.0376314374417","82.7085077761056","81.378084202845","85.4056492402788",
"2Q Nov 2014","86.7833102950898","87.988681204669","85.8793522874537","84.6893064022141","86.8969362757866","89.8362297194176","91.5747799300842","86.8232127732093","88.9868918461978","83.2952682278969","84.5354149258815","76.4392179493071","89.5972326884552","82.5655573563383","81.1264259504351","85.4830800650344",
"1Q Dic 2014","87.1431576416852","88.1728476719652","86.0509229266598","84.8349089413402","87.0907117082086","90.0314287968662","91.6636950725404","86.8232127732093","89.3516499701338","84.162811818987","86.6022741094267","80.8656941668679","90.1888373234204","82.7274153801041","81.3593946743562","85.5007767691101",
"2Q Dic 2014","87.235561031312","88.2141492080712","86.1070430404897","85.017026715964","87.0390937896824","90.059750829796","91.7321589954667","86.8232127732093","89.3475724908673","84.4046822835052","87.4005825391745","81.1810487404013","91.2890930026221","82.6418739076511","81.195292865919","85.5744991160566",
"1Q Ene 2015","87.0725404170924","88.133213611433","86.288133503772","85.3575288018519","87.0838746225958","89.7493081830193","91.8298328936915","87.0120974802669","88.463626036797","84.0036000461019","86.0481135816144","76.4364696188228","92.0574029157649","82.8005941789111","81.2193861345454","86.0061460539592",
"2Q Ene 2015","87.1469138770359","88.1956428399219","86.2437869503768","85.2827632233829","87.0655387576823","89.9052616768307","91.9320973635126","87.3596040596931","88.6152652705136","84.1133769754604","86.6047163127936","76.9699822836871","92.6284417714085","82.6474557243764","80.8786855402801","86.2332486251596",
"1Q Feb 2015","87.2385660195925","88.4419802518829","86.5566254473816","85.3599839263338","87.5798492295579","90.0933511881028","92.0208406958246","87.4755381026783","88.9276454234456","83.756534114156","85.7600290871561","74.3715384750674","92.8802194970273","82.5776638520927","80.7496268820461","86.2836071387309",
"2Q Feb 2015","87.3114369853957","88.4863726123242","86.5401996422795","85.301171386729","87.5996674573443","90.1910138140428","92.1092689421224","87.5256439049894","89.0495270114181","83.9121162595528","85.3816215552173","73.5003715202067","92.8098897461286","83.0474492070896","81.2937513499583","86.6026862767323",
"1Q Mar 2015","87.4684476230543","88.6167607230024","86.6540238579966","85.341642474707","87.7762144380589","90.3359101407054","92.1785917970135","87.547674763305","89.3100490514682","84.1450222112219","85.261661203278","73.7204133302508","92.4773568756407","83.4879841258486","81.9483104560212","86.6093341826924",
"2Q Mar 2015","87.7922351102831","88.7755605869935","86.6939894271186","85.3242251747096","87.8652469292865","90.5987962489882","92.2716197590355","87.547674763305","89.8287013339295","84.9483737673317","87.1415363039437","77.5843618911942","93.1167707680182","83.6579018025364","82.1866310751489","86.6405799235349",
"1Q Abr 2015","87.3963279043212","88.798422245945","86.8986153075237","85.4609415490861","88.1279408445257","90.4624517195387","92.3692320923582","87.561303045369","89.4058425685741","83.3386915261171","86.6724707754019","75.7823709261487","93.4810626380555","81.3770728197195","78.7743870161538","86.6534464046885",
"2Q Abr 2015","87.412104092794","88.8700982954322","86.9314464333386","85.5562520509209","88.1073471291182","90.5681518038951","92.4441049429516","87.5751649882281","89.5716433777137","83.1933130613405","86.1815217049661","75.0284589729134","93.1545204112855","81.43503048307","78.8268752029546","86.7224922299412",
"1Q May 2015","86.9485846505199","88.9002371310714","86.9519918144419","85.5419090866539","88.1577248234734","90.6066934888066","92.498956453027","87.5901387324058","89.6007605152583","81.301878850288","85.4341569295222","74.8091008003357","92.0770409895633","78.870417924383","74.9945836911488","86.7278202046877",
"2Q May 2015","86.9853957569565","88.9739761957416","87.0167068298556","85.552739230276","88.2685156948254","90.6883366638726","92.5776686164601","87.6361833725058","89.696448302865","81.2311968895683","85.0519130311039","74.7273858953993","91.506903565134","78.9830611569569","75.1550041763906","86.7436055555537",
"1Q Jun 2015","87.1003365586874","89.0857417293735","87.1708412651145","85.7760001411411","88.3635414892874","90.7629915314294","92.6544455901963","87.6635006118034","89.7836036882558","81.3563629609167","85.2624483403794","75.2773862326949","91.50520217698","79.057995379797","75.2452442617371","86.787510505208",
"2Q Jun 2015","87.1251277120019","89.1601453153865","87.1604878988812","85.7266774216399","88.3865100230041","90.9116332222476","92.730122202783","87.6989588358875","90.0421931607539","81.2348754553175","84.8086308816626","74.1295471581959","91.485293496945","79.1320531109414","75.3246514803131","86.8507233260696",
"1Q Jul 2015","87.2070136426468","89.2483021248787","87.1152768154168","85.8253798585573","88.2182414205733","91.1166061671345","92.7898689092212","87.7672077232783","90.4385447526067","81.2994480904516","85.009692347749","75.6441330910593","90.8651272314551","79.1163147765216","75.3219797142214","86.8084953954962",
"2Q Jul 2015","87.2753771260292","89.3051754430758","87.1196655245087","85.8737819290355","88.1849952011057","91.2194504388494","92.8624368073874","87.8334638311695","90.5837937554186","81.4011889437617","85.2220878072924","76.976172244561","90.3775110245354","79.1529456962642","75.3497075592477","86.8631753428977",
"1Q Ago 2015","87.3760442334275","89.4137892693112","87.3586641885366","86.0029183431869","88.5179348364241","91.2138609697294","92.9275898020174","88.6547480138614","90.2492490419916","81.4780773336028","85.1050037558231","76.4787074380685","90.4982445641285","79.3439688085712","75.4707537520597","87.1960612836165",
"2Q Ago 2015","87.4737063525452","89.4982037039757","87.4695591282538","86.0244021585741","88.705283406897","91.2750812892743","93.0019037135064","88.7498793069619","90.2865223291112","81.6143523544369","85.5196583753051","77.8556144095445","90.3112900501862","79.3164433533228","75.385014844491","87.2865508118346",
"1Q Sep 2015","87.7539215097061","89.7410619850088","87.7646214178445","86.2093132101935","89.0945337756018","91.4722143930819","93.0689996748744","90.5236077538611","90.1282179489748","82.0031069111203","86.3577200336934","79.4879004172442","90.6527952475128","79.4408225121048","75.4270376079982","87.5778894660857",
"2Q Sep 2015","87.7509165214256","89.8344615825718","87.9326670085739","86.4390502217107","89.2098282894269","91.5002320141416","93.1340952227432","90.5418111570502","90.1212407854138","81.7202481848602","85.7862905340084","77.9556340606745","90.6820899005277","79.3277608193538","75.252125079456","87.5902167525604",
"1Q Oct 2015","88.1565899392992","89.9745599727374","88.1090868279833","86.5928365711939","89.4056015277114","91.608516682736","93.1679149459052","90.5418111570502","90.3394930041138","82.8946224202527","85.7891006586308","78.1773654908535","90.5480283857589","81.1914914589006","77.9416161819447","87.7798994958232",
"2Q Oct 2015","88.2519983172066","90.0524909487071","88.2031693560112","86.7416522008591","89.4528828958227","91.6723006114613","93.2422417965656","90.5419419030873","90.4121974582368","83.0415380414165","86.4308808861482","80.3293775477677","90.245597606377","81.0472253321485","77.7024457185307","87.8280310585364",
"1Q Nov 2015","88.7117615241301","90.0543420549158","88.3076878079198","86.853542702473","89.5510976582861","91.5842260068609","93.3312073221219","90.5419419030873","90.1151910297788","84.8259336872229","86.6766777278259","81.1176381158658","90.1522410734073","83.7369431274251","81.6867268655655","87.8933061094301",
"2Q Nov 2015","88.6599254762906","90.0360206411314","88.3304463190558","86.959208594394","89.5029637573795","91.5299229339748","93.4156564211021","90.5419419030873","89.9017065228463","84.6785898050767","86.2900615747314","80.3656530322452","89.9940569789877","83.7303887000501","81.6676082427106","87.9122228275968",
"1Q Dic 2015","88.8883045856121","90.2806669552411","88.4711377962651","87.1575891436816","89.5943264844091","91.8656226646404","93.5088049758377","90.5452443030435","90.5893000506211","84.8587979626715","87.1910664447762","82.3993386897028","90.18689927019","83.4864750999868","81.2858719120997","87.9477145303148",
"2Q Dic 2015","89.2045796021395","90.3607064575634","88.5421894099412","87.2521690514428","89.6452595333312","91.9535346045983","93.5784955241337","90.5452443030435","90.7231631731367","85.860040739824","89.8039910362463","88.7565002118506","90.4588920566642","83.5393931803053","81.3713964823926","87.934530116733",
"1Q Ene 2016","89.2286195083839","90.431318048976","88.7125491403363","87.515035265701","89.7365188542456","91.9367774008561","93.7001373795736","90.836810420011","90.4688249733347","85.7482206366489","90.0111484116911","89.4250718346068","90.3775689466575","83.2398845285291","80.5400552424115","88.7131951792276",
"2Q Ene 2016","89.5441432778412","90.5586553420838","88.7560981090089","87.5411858977003","89.7949447860834","92.1375043834982","93.8485505206457","91.0729455617962","90.7122413923021","86.6090814711845","91.7356535322294","93.6817778270454","90.5189184957658","83.5925711078254","80.8451434597299","89.1623769788958",
"1Q Feb 2016","89.7995672816876","90.7633807574204","89.0999449494281","87.687563911271","90.3076431967838","92.220374179212","93.9448746961075","91.1416622905834","90.7856968204481","87.0121340862928","93.0188429002435","95.6293571552799","91.3867250720754","83.4777451863601","80.6266286535089","89.2577574878337",
"2Q Feb 2016","89.7552437045495","90.8754798125383","89.2288604820814","87.8516509863094","90.4064842601864","92.3177437827093","94.049751930206","91.1610078173682","90.8995566741774","86.5145585592715","91.9447479351489","92.58900688624","91.5419512379479","83.3193976735575","80.3681157505626","89.3024732945445",
"1Q Mar 2016","89.8416371176152","91.1486051391668","89.4298219683376","88.0187864688774","90.6363696729501","92.654076983199","94.1682250038981","91.1612340539497","91.5636036391081","86.0612424924817","91.0073957518175","90.1157537363048","91.5648586451613","83.1508917964899","80.1147313504037","89.3060399729739",
"2Q Mar 2016","89.9776128373099","91.1408945693968","89.5091734966449","88.1036445622923","90.7110126495702","92.5701092451753","94.2717077931741","91.1612340539497","91.2612975576745","86.6110010389938","92.1056046329243","92.7588151044003","91.6972113617199","83.3779383829847","80.4224267190416","89.3695888743302",
"1Q Abr 2016","89.6673477973436","91.2749663108911","89.7276262106933","88.3066562685115","90.9426686548958","92.6302722002724","94.3659061686307","91.1707965052142","91.3022332419222","85.0151106983161","91.0024777830724","89.2694325564492","92.0859938013228","81.4921026053183","77.8995092220529","88.7752962981074",
"2Q Abr 2016","89.5839593725584","91.4165371657189","89.9546732461927","88.4762749727982","91.2188214862098","92.6969749824231","94.4505259506281","91.1827245013863","91.3675387270304","84.280616341604","89.5671426953143","85.1261010776982","92.3437232811861","81.1699877690572","77.9252185961101","87.7480443020825",
"1Q May 2016","89.1504898130897","91.4921716700574","90.0207740075987","88.7247597185191","91.1289694188557","92.7809600348323","94.5504842143738","91.191057497792","91.4585938221648","82.3752702250974","89.3156817849567","83.9824857730019","92.6500456082513","78.2914841888184","73.6162184145941","87.7695582613609",
"2Q May 2016","89.2999879800469","91.5898292870221","90.121279866153","88.8476960009492","91.2102954790143","92.8761228941539","94.633280703528","91.2506743783646","91.5774646174962","82.6734027591109","89.8709048584563","85.5195630784028","92.5914042703274","78.438342876073","73.82267738638","87.7955904675199",
"1Q Jun 2016","89.3202716509406","91.7387761885718","90.3059539438334","89.044920407276","91.3842380263895","92.9937765770252","94.7425964892983","91.2830335064399","91.7301185769233","82.3224741794594","88.517201347958","83.1365791752792","91.8812164486116","78.6774539828057","74.1618885884024","87.8317706259285",
"2Q Jun 2016","89.3277841216419","91.808919543671","90.3255204805686","89.1557908931073","91.325732416571","93.1082198631686","94.8183423303898","91.3416650445194","91.9015661557965","82.1476388635648","88.1273206379238","82.5276278272267","91.628300742059","78.6291528602306","74.0615046210104","87.8890560270832",
"1Q Jul 2016","89.5756956547869","91.9140597343839","90.3192490685421","89.0973649016783","91.3640573227417","93.310944806699","94.9420053623014","91.4440117424738","92.2165231460202","82.8092335259368","87.9344031828318","82.3080159469142","91.4520728902734","79.7935483467862","74.9497783025624","89.6132278017352",
"2Q Jul 2016","89.5388845483503","91.9469870913394","90.3747652761059","89.2416982601684","91.3436277943356","93.3240867251674","95.0071855721445","91.4883433189836","92.1666089146158","82.569681386411","87.3479405209083","81.0494894809437","91.2857907786106","79.7581207515707","74.8926788850499","89.6217350643971",
"1Q Ago 2016","89.8198509525813","92.0674923642461","90.6184455138699","89.2135990005503","91.8197011425451","93.3367037870623","95.0780898478276","92.2338251219938","91.8921969341779","83.3155621294482","87.4120283229718","81.4780737270826","91.1219920087029","80.9051731641476","76.5773289451806","89.6789263715213",
"2Q Ago 2016","89.7988160346175","92.1419401297949","90.777108623238","89.2552318634827","92.0784344310521","93.3373878393678","95.1548334805835","92.3811027651755","91.7693994105019","83.0185466611387","88.4848404146891","83.8093560724113","91.4079967757163","79.8021417105013","74.9285152249489","89.6823485399564",
"1Q Sep 2016","90.2818679007152","92.4753031544292","91.1584260799367","89.6508031294463","92.4475637458722","93.6287478653231","95.2037713513255","94.3958403473342","91.7751049002654","83.9357761791869","90.5850195809572","87.7252167179392","92.3729949688194","80.0233154957202","75.2496610194596","89.7008510428633",
"2Q Sep 2016","90.4336198088827","92.611498657851","91.4216191647773","90.0042677074986","92.6335675162914","93.6537069508351","95.3136306064371","94.4011265411801","91.7190657379498","84.1305461961044","90.7576517525783","87.8606460345766","92.5688867119239","80.231111573511","75.4881866910007","89.8463496213999",
"1Q Oct 2016","90.8798605685438","92.7648969093841","91.6081227539385","90.2233138505576","92.7922446306352","93.7781084362356","95.4015785236908","94.4011265411801","91.919436564295","85.4236926803536","90.6280308546329","87.5527124456462","92.5507485692209","82.3614241995021","78.6321597292918","89.9216884907195",
"2Q Oct 2016","90.9324478634533","92.8394009397281","91.710733851138","90.3387222380824","92.8839130255979","93.8279936557496","95.4600983788107","94.4011265411801","91.9759310862978","85.4129937048867","90.6321395278717","88.0053991761081","92.2744020627521","82.3420123014525","78.5947217162119","89.9388205800217",
"1Q Nov 2016","91.6341126269608","93.0549525570609","91.9034172309766","90.5220368508769","93.0846074473485","94.0635754247232","95.5424682917541","94.4011265411801","92.4417357880192","87.5233154543746","91.2406762788949","89.1178587333192","92.5678815814872","85.3359947031525","83.0507287781987","89.9688692302722",
"2Q Nov 2016","91.5995552617345","92.9658980792691","91.6454953412398","90.5922166882512","92.546132455927","94.1224308977759","95.6545364353916","94.4011265411801","92.4642498286853","87.6451706135721","91.3409428151765","88.8160523429856","92.9195278566832","85.4705527570128","83.1917799009116","90.0902640135947",
"1Q Dic 2016","91.9804375262936","93.4004819194649","91.9794213717941","90.9220562395623","92.8835527516841","94.6451803081551","95.7605817175109","94.4011265411801","93.5765752134091","87.8702067755047","91.7628063562572","88.7634386234318","93.6380390007514","85.5797743314322","83.2925717153776","90.2165750739685",
"2Q Dic 2016","92.0983833163051","93.4501966417242","92.2049498661666","91.1694797515787","93.0903592626739","94.5409008046175","95.8440168299514","94.4011265411801","93.2473885512797","88.1858558893368","92.5835788629627","89.7653701976795","94.345549171022","85.5982053565011","83.3052510356367","90.2466664168745",
"1Q Ene 2017","93.4919466314081","93.7927515251634","92.7383475833312","91.915856338779","93.4416430876007","94.7162975975534","95.9838922425463","94.7019421899154","93.4203387773841","92.6214344022656","91.6383781629421","86.7940667827782","94.6670867605795","93.1998714746063","93.8496012109037","91.8826871977828",
"2Q Ene 2017","93.7158182583088","94.1395224120897","93.1548293509731","92.3687376779039","93.8270003233852","95.0020091432875","96.1766524373182","95.0171909539779","93.7922496348076","92.4889050894008","91.0807638562621","85.3155948825992","94.6852011988638","93.3174651042285","93.8581056664587","92.2214351580526",
"1Q Feb 2017","94.0283370394855","94.5752004611893","93.795878047666","92.8422539045788","94.6113026215046","95.2578042769664","96.3251397255206","95.1650475392558","94.1915981304133","92.4476453592536","90.3003865950775","83.3054111929469","94.6737103718429","93.711107227786","94.2112145932521","92.697249431556",
"2Q Feb 2017","94.2612236312278","94.7933102620912","94.1514760367653","93.2876046052716","94.8901548957423","95.3554890006493","96.4584403493302","95.1663601596032","94.2826261843793","92.7207268596383","90.703184864387","83.8252201155275","95.0033524907963","93.9078624865126","94.4050512819055","92.8999214500365",
"1Q Mar 2017","94.5917723420879","95.0893501983675","94.563210014703","93.6297681221819","95.3613771573897","95.5501932215213","96.5859223903496","95.1771532099301","94.6033165320883","93.1527486110199","91.9773597572478","87.2106709800808","94.9575379804982","93.8443555203501","94.1929467320171","93.1376634339282",
"2Q Mar 2017","94.8524550754252","95.3636884634871","94.8434788749751","93.9253829739456","95.6285239729416","95.8193369139886","96.6762922276896","95.1771532099301","95.1393131496218","93.3745461012342","93.0001948439844","89.6285629675038","95.1081704985152","93.594816963275","93.7841955508281","93.2108934886986",
"1Q Abr 2017","94.7097181320993","95.6156936862534","95.1606688877053","94.29808936663","95.8982430604196","96.014247171197","96.7587501919224","95.1775946895236","95.5098840589045","92.087745098132","93.4893068111683","89.9217547032713","95.7197736193682","91.2630565183352","90.147392210903","93.5248207595602",
"2Q Abr 2017","94.9681471242262","95.6939639574612","95.3909533517911","94.4596697761728","96.1872749616997","95.9593691249627","96.8698860708761","95.1947032748575","95.2623740937794","92.8675779054939","94.9526432825105","93.1531985474539","96.0776728919802","91.6407110550228","90.4253903591297","94.1045067265474",
"1Q May 2017","94.647364625278","95.83889874089","95.635880605493","94.6990308624696","96.4369617317405","96.0167211048811","96.9443247856415","95.2231776896472","95.311150812469","91.2004988811967","95.1749633421713","93.1979015223247","96.4110408074294","88.8618965768193","85.5626807239509","95.5503317898888",
"2Q May 2017","94.8036240158663","95.9973102456242","95.8292801598507","94.9179901550186","96.6085056746655","96.1444867874922","97.0844387419121","95.2513917720206","95.4571156378954","91.3491947096912","95.5396369401883","93.8375773787226","96.6037804319797","88.8835095959449","85.5930565403137","95.5541801630489",
"1Q Jun 2017","94.9471122062624","96.1614471652615","95.9998111232521","95.1650375131385","96.7136090280721","96.3030232025484","97.1694589241698","95.2775698214749","95.7321106489306","91.4339951471382","95.5694576259296","93.846885675307","96.6464256544661","89.0006604986187","85.7520225903688","95.5865600423122",
"2Q Jun 2017","94.9794158302783","96.2586575012448","96.0709859169292","95.338356466082","96.6974424324155","96.4230379135585","97.2689530810936","95.3240061438443","95.8959909473837","91.2793291390097","95.9524417085549","94.5018095654799","96.8593904364294","88.529637468366","84.9992485617422","95.6867252528584",
"1Q Jul 2017","95.2032874571789","96.4368800230384","96.1071849931968","95.5518351700737","96.582053311178","96.7256579172148","97.362527158935","95.3895657210658","96.4865718487278","91.6324040225642","97.1203710141537","97.0907104853197","97.1389150530115","88.4032463891496","84.7525130224081","95.8043061236783",
"2Q Jul 2017","95.4429352725524","96.4986597333474","96.1889497825004","95.7181337498119","96.5915349787905","96.7699328169681","97.453054405882","95.4452984745174","96.4798443945398","92.3875910815648","99.1655325535347","101.979333676061","97.4063178823013","88.3994035658099","84.6704232129821","95.9590918713637",
"1Q Ago 2017","95.7374241240459","96.6904829590892","96.5793914821459","95.965223138861","97.1045543182978","96.7877873158251","97.5486466807444","96.4325171015107","96.1173864792021","92.9797217656251","100.023615809366","103.654037067707","97.7538426227159","88.8350459220696","85.1962599495093","96.2118849399456",
"2Q Ago 2017","95.8493599374962","96.7348701841677","96.6258423570217","96.0176649076892","97.1458825018044","96.8303670023442","97.67272691879","96.7259752381784","95.9985680782756","93.2883593940277","100.306910337406","104.316814561556","97.7998808657574","89.1585956056123","85.5864348639901","96.4003666071994",
"1Q Sep 2017","96.1761524130056","97.0032638482583","96.8658951693901","96.1328887472121","97.4926740253598","97.1235842480559","97.7361486570713","98.8673145102568","95.9544988473407","93.7838647536189","100.580041221348","104.624334480555","98.0515114046387","89.7849476405554","86.5035360311497","96.4372886621233",
"2Q Sep 2017","96.0101268105054","96.9679791881793","96.9761592883841","96.1821406392878","97.6551084563951","96.9608142876392","97.8100458133951","98.8673145102568","95.4984663355238","93.2393421810395","99.6255198500388","102.501856671972","97.8272072769947","89.4816711892324","87.240696025247","94.0247559303711",
"1Q Oct 2017","96.6043632429834","97.1692757209683","97.1041437134419","96.3346581423073","97.7621151463921","97.2263244547411","97.9063705078553","98.8728228857264","96.0181582744011","94.9703399550836","98.1146803426231","98.9512656884049","97.5916393920246","93.1201883816514","91.1044219945002","97.206711812247",
"2Q Oct 2017","96.7914237634473","97.291692474969","97.1557218145772","96.3840807646581","97.8155363535949","97.4107883588007","98.0170880498341","98.8728228857264","96.3354727658209","95.3447838057742","98.3248294637396","99.7946780735558","97.4058664218266","93.5913043845195","91.8064540477766","97.2096962614543",
"1Q Nov 2017","97.6771440591382","97.5635573070255","97.4719714791078","96.6342808865016","98.1882636362576","97.6437767830842","98.1058535593869","98.8728228857264","96.7886583819481","98.0078170338382","99.3864106805922","102.26711632815","97.5853666771531","97.1966430226949","97.1157159820829","97.3607048156759",
"2Q Nov 2017","97.7124526714346","97.566926777671","97.4399694195102","96.8684945638177","97.9286259242861","97.6781279642906","98.2233628575403","98.8728228856532","96.7483496336053","98.1336055899871","99.3339422655501","102.19476226252","97.5453309560255","97.4273192103001","97.4525241871221","97.3762216580674",
"1Q Dic 2017","98.1376585131318","97.9816352071533","97.7035057975488","97.1114393216138","98.2097697773127","98.2252470845815","98.2944438928849","98.8728228856532","97.9534708111361","98.5887902137987","99.9129569841049","103.278515565295","97.8087784102355","97.8096413522221","97.8841113853269","97.6586697232313",
"2Q Dic 2017","98.4081074583809","97.9663887618169","97.838230403614","97.3965811282008","98.2158757000234","98.0786418971675","98.3895611698096","98.8728228856532","97.5134289214832","99.6875389453737","102.409835752352","108.460205774559","98.6270880576769","98.0857207260145","98.1840629051429","97.8863535664703",
"1Q Ene 2018","98.6424965442635","98.1319341675171","98.2456770875595","97.9418151682356","98.5055032233882","98.0323074278389","98.5228438189231","99.0615664362658","97.2099388761259","100.119801062966","101.376279682615","104.872333253918","99.1905144254824","99.3804803761574","99.8375847266473","98.4538017439666",
"2Q Ene 2018","98.9475028547389","98.372093852464","98.387300483596","98.3167085829348","98.4476621793868","98.3587744557662","98.6772942153826","99.5626050112829","97.6587478080714","100.613157839477","101.00577994586","102.773392986785","99.9006518080456","100.382136283831","101.011777855691","99.1056763464505",
"1Q Feb 2018","99.1503395636757","98.6649411112043","98.76029186526","98.5675438978682","98.9251067247858","98.5814239591713","98.8052611940569","99.7367394103677","97.9935736080758","100.555265551588","99.7396908509841","98.2597648754703","100.664954355781","101.035155331187","101.879605100427","99.3232189729908",
"2Q Feb 2018","99.1931606466735","98.7984349267579","98.9283130084765","98.6650813460648","99.1533970394248","98.6846754959867","98.9000042782387","99.7804758267816","98.1240071907112","100.336177250063","98.8068909914216","94.7696236322815","101.3310281498","101.236019833605","102.133333609919","99.4169133166318",
"1Q Mar 2018","99.4853957569565","99.0310243916147","99.0743813672693","98.7665324411362","99.3376167112966","98.9930482773393","99.0222718091842","99.7804758267816","98.7189175031019","100.801436584052","99.3593135168783","95.4101247931583","101.828383092053","101.649991744458","102.69594292342","99.5295555534393",
"2Q Mar 2018","99.4981669571489","99.083689925018","99.115673124153","98.8204793553324","99.3680873010649","99.0556760332337","99.1426598632047","99.7804758267816","98.7417081096297","100.698571352583","99.9399704163334","97.0278645859689","101.760646106534","101.14493737632","101.912588107301","99.5886941932401",
"1Q Abr 2018","99.1540957990264","99.1536016596445","99.3871316129445","98.9714203667975","99.7425978290925","98.9490541779225","99.2400245172486","99.785872975134","98.3910862403514","99.155012799494","99.4844860485206","96.1255209869935","101.584542292411","98.9611484670993","98.5926656706722","99.7081663711864",
"2Q Abr 2018","99.1563495402368","99.252810979469","99.4607099605666","99.0307964031907","99.8283202836001","99.0707135120215","99.3515293242644","99.7953192557381","98.5579558909025","98.8791393249963","98.8292593938481","94.4012455628217","101.59769488616","98.9084890205685","98.4457949833464","99.8464995143506",
"1Q May 2018","98.8678706653044","99.3792187946076","99.5224192084574","99.2168019206799","99.7837463240056","99.2537904133398","99.4433897705998","99.8105356735673","98.8866576583102","97.3894591206569","98.1490517305174","92.8906885609687","101.436629363684","96.9425095894684","95.4877196627343","99.8917765085242",
"2Q May 2018","99.1210409279404","99.5370044377925","99.7434140304972","99.3713588519384","100.061550832825","99.3562115167115","99.5630952513994","99.8484595470524","98.9913450166057","97.9166967237976","98.0423403335801","92.5177709192958","101.496352590583","97.8427671572036","96.8425796884566","99.870427481378",
"1Q Jun 2018","99.2540116593545","99.6162112704443","99.7386857736507","99.4501319201814","99.9854222942129","99.50893658968","99.6586624355742","99.8701851138471","99.2433255306129","98.2074679473035","97.3534661138869","91.6607630068663","100.912597121635","98.7099685169737","98.1254650298137","99.894920905691",
"2Q Jun 2018","99.498918204219","99.7604427475319","99.7838045660263","99.6110474156706","99.9315256852822","99.7399802712175","99.8294921491385","99.8981779929048","99.5991001570831","98.7422886158597","98.2044737890454","94.0571119570647","100.797443037475","99.0587425697877","98.6170403174695","99.9541968322153",
"1Q Jul 2018","99.8189494560971","99.9485838923393","99.9703317416703","99.902744326503","100.028124363193","99.9295350819803","99.9062700533411","99.9772188810489","99.9386174962272","99.443559711519","99.2903628513298","97.7458027741415","100.256036198484","99.5337018008595","99.2998015238435","100.007883218196",
"2Q Jul 2018","100","100","100","100","100","100","100","100","100","100","100","100","100","100","100","100",
"1Q Ago 2018","100.343","100.1754280946","100.2993629035","100.2704421048","100.3296771069","100.0416165678","100.0473293498","101.3470108382","99.7629473661","100.862428944","100.8932634829","102.7955005027","99.3480880803","100.8402875879","101.1332832787","100.1554744502",
"2Q Ago 2018","100.641","100.265258974","100.4430670828","100.4542866974","100.4313069069","100.0732808306","100.1764462226","101.5087989766","99.6795682166","101.8011870443","102.1831655018","104.8858035518","99.9878292774","101.5268997882","102.028350686","100.3548683439",
"1Q Sep 2018","100.865","100.4547173045","100.6580563221","100.6392000285","100.6778211124","100.2351736214","100.288370131","103.4985294668","99.5034764583","102.132303868","101.8117128977","103.5437957357","100.404752688","102.3625106136","103.2200150116","100.3582822384",
"2Q Sep 2018","100.97","100.6348288334","100.8483997623","100.9031011376","100.7910628734","100.4042378288","100.3854955748","103.5100336772","99.7703518661","102.0042963106","100.8319216407","101.7717202874","100.0685289945","102.8461433445","103.8793264062","100.4313046406",
"1Q Oct 2018","101.372","100.805389841","100.9878278598","101.0175945562","100.9566270033","100.6084128168","100.4591783111","103.5100336772","100.1348461137","103.1218912801","100.3349666896","101.0047338401","99.7909189627","105.1230981129","107.0888782242","100.5285184378",
"2Q Oct 2018","101.509","100.9078215498","101.0002532845","101.0378349634","100.9608609193","100.8080236668","100.5391870328","103.5100336772","100.4840108639","103.3682696587","100.8861861242","101.833276165","100.1168707235","105.1505792862","107.0956691987","100.604358411",
"1Q Nov 2018","102.132","101.1014456537","101.2401599685","101.3077728913","101.1692894534","100.9516768001","100.6635807065","103.5100336772","100.6751116119","105.3182726937","102.3015598302","104.6051815073","100.4303421454","107.4844835828","110.4060889038","100.6558722091",
"2Q Nov 2018","102.473","101.1194400673","101.2810157941","101.4658553211","101.0872706938","100.9449879108","100.7772848562","103.5100336772","100.5585800003","106.6570926742","105.9181230292","112.166962548","100.8422292165","107.1877245785","109.97110551","100.6821823858",
"1Q Dic 2018","103.049","101.5458776376","101.564609619","101.7826849813","101.3360273801","101.5256528514","100.8726097255","103.5100336772","101.6980721424","107.6934164944","108.6303049036","117.5196360638","101.4095560111","107.0206650706","109.7047196563","100.7472764167",
"2Q Dic 2018","102.992","101.6190723617","101.6411717895","101.9257193529","101.3429147173","101.5952117675","100.9595560596","103.5100336772","101.766544662","107.2351536307","107.9794594423","115.8212296407","101.6096378601","106.7006899854","109.1561040295","100.9616984288",
"1Q Ene 2019","103.105","101.7020736567","101.8612450367","102.2503631449","101.453379208","101.5302174562","101.0876509791","103.7295161491","101.4680224464","107.4408017288","109.3598424714","118.9011742961","101.6094774591","106.062796217","107.8693267756","101.8404274287",
"2Q Ene 2019","103.112","101.8675175279","101.9665703636","102.4389336739","101.4714485771","101.7605708895","101.2271530793","104.1913928751","101.7316962295","106.957608288","108.0122096932","116.2088214212","101.3541525244","106.2003306977","107.7654351993","102.5422423433",
"1Q Feb 2019","103.009","102.1280643923","102.3103158798","102.7514671275","101.8479099538","101.9312887646","101.3556963483","104.5723012819","101.8963599695","105.7310333496","105.0089427453","109.0323763692","101.7407324198","106.2495449219","107.7514014405","102.7392848499",
"2Q Feb 2019","103.15","102.3202809369","102.5230759391","103.0452343123","101.9757599621","102.1013246235","101.5213168685","104.6061179492","102.0989152946","105.7131443574","103.0640591095","104.6029688712","101.8140121985","107.6153728989","109.6698136771","102.8135683689",
"1Q Mar 2019","103.415","102.5033595079","102.7163972369","103.2333805967","102.1745056057","102.2733441954","101.656113872","104.6068614441","102.3403502519","106.2340437546","103.1347009788","105.1555255788","101.4931976159","108.4595887016","110.8505724637","102.8711887918",
"2Q Mar 2019","103.537","102.6489210934","102.8173800996","103.3540312361","102.2548730978","102.4670371093","101.8243042105","104.6068614441","102.5975991187","106.2810361748","103.5430640259","105.8567932966","101.663636005","108.2470917298","110.4390064257","103.123972082",
"1Q Abr 2019","103.501","103.0557492759","103.1038581643","103.6152858702","102.5677898585","103.0038064532","101.9944029908","104.6152127522","103.5753594513","104.876509879","103.3449498177","104.7006674762","102.2437087227","105.9762771529","107.1534627837","103.2248640412",
"2Q Abr 2019","103.562","103.0308193852","103.1764098535","103.795562599","102.527426313","102.8736263978","102.1140685606","104.6244625164","103.1909216808","105.2021836561","104.4221215313","105.2488209872","103.7505986604","105.7623228359","106.7951353664","103.3483501676",
"1Q May 2019","103.25","103.1253191486","103.306282499","104.0061396365","102.5727062269","102.9299343134","102.2635685869","104.6661962859","103.1663427795","103.6366903859","104.6451990867","104.5620495148","104.7127409713","102.9125105822","102.6658231398","103.48908835",
"2Q May 2019","103.216","103.2991773653","103.5656950013","104.2749722988","102.8222447056","103.0114201797","102.3834311919","104.6937144682","103.2245697338","102.957938465","103.4738185002","101.7266404204","104.8930404818","102.5875005082","102.1811457215","103.5372656589",
"1Q Jun 2019","103.225","103.4694923635","103.6717601151","104.4417644605","102.8646569408","103.2511053187","102.5103743643","104.7143827693","103.6116958453","102.4689125034","103.020821151","100.3215420713","105.2134289045","102.0726034822","101.4051526169","103.6326234264",
"2Q Jun 2019","103.373","103.5816310983","103.6781317353","104.585586595","102.7269556772","103.4774400508","102.6520418491","104.7593491859","103.952295293","102.7289086224","104.7248761299","102.7068341307","106.3641192032","101.2956643115","100.2751310463","103.6809368915",
"1Q Jul 2019","103.654","103.7553052863","103.7545469116","104.7337702987","102.7281445167","103.7561240981","102.7353660313","104.8581774656","104.4446308797","103.3418557443","105.9323198227","104.4570212747","107.1306957371","101.4817213037","100.4765572975","103.8310716132",
"2Q Jul 2019","103.72","103.8335050717","103.9071181329","104.9000793752","102.8663159927","103.7540255759","102.8808204803","104.9313215962","104.2938616747","103.3702041528","105.9669048335","104.3754949865","107.2595972401","101.5055913954","100.3295012672","104.2544440103",
"1Q Ago 2019","103.642","103.9514825532","104.0635477498","104.9394189306","103.1454770732","103.8304865619","102.9899835559","105.9472644011","104.1440143173","102.6847154104","104.4444820579","102.8203631946","105.7637437967","101.4210798419","100.0970609969","104.5156833735",
"2Q Ago 2019","103.697","104.0592887614","104.2289949949","105.0753605965","103.341851477","103.8760581548","103.0707631819","106.3598066566","104.0809805404","102.5784069476","104.2843444117","103.3040104581","105.0806636378","101.3534244988","99.9604312248","104.6092406236",
"1Q Sep 2019","103.877","104.2538036669","104.4529222771","105.3161884554","103.5480639122","104.0388167277","103.1840879243","108.3945445051","103.8960234995","102.7117278571","104.3029922926","103.3301410218","105.0932333816","101.5690886655","100.2400445712","104.6754376144",
"2Q Sep 2019","104.007","104.3768226308","104.6408824924","105.5153157999","103.724318966","104.0917190868","103.2990510071","108.4020905806","103.9025297834","102.8658838852","104.3745317559","103.4482995936","105.1269044304","101.7825691671","100.4697585978","104.8509758137",
"1Q Oct 2019","104.42","104.5109301737","104.7697561507","105.7111084548","103.7830494685","104.2314776174","103.3906190065","108.4020905806","104.114978857","104.1382728974","104.3020494835","103.6209314426","104.8553174686","104.0206698505","103.5705202771","105.0727957055",
"2Q Oct 2019","104.587","104.6331258109","104.8601155997","105.7840650761","103.8916502139","104.3880465594","103.4992182327","108.4020905806","104.3475617883","104.4439953349","104.6023096828","104.0045230961","105.0878880414","104.3303145571","103.7590472926","105.6655264395",
"1Q Nov 2019","105.299","104.7982921307","104.9754495523","105.9056557725","104.0004259727","104.6070165297","103.5665048044","108.4020905806","104.7490384831","106.847136758","106.1488309753","106.3774928364","105.9630903554","107.3485691644","108.0069066224","105.80984981",
"2Q Nov 2019","105.393","104.809024311","104.9049029173","106.108749815","103.6430546453","104.7055048656","103.6713255846","108.4020905806","104.8624596043","107.1994161141","106.6086269541","107.1910726312","106.1355099218","107.6236440633","108.4137938099","105.7768424068",
"1Q Dic 2019","105.763","105.1910068291","105.1693141372","106.2740244692","104.0113788333","105.2144282734","103.8279502196","108.4020905806","105.7953441774","107.5294051723","106.9288398723","107.7038531134","106.299301395","107.9606530741","108.8540581254","105.8725147994",
"2Q Dic 2019","106.105","105.2765819994","105.2633756015","106.489879645","103.9777785619","105.2908408528","103.8864045397","108.4020905806","105.903943212","108.6637713332","109.6090872921","113.0336210704","106.8273596187","107.9849683391","108.8287097488","106.0129079294",
"1Q Ene 2020","106.388","105.490662661","105.8079787162","107.4060815933","104.1328792018","105.1480587856","104.0395410661","108.6203697114","105.4189651446","109.1610489685","110.3253160794","115.5258807511","106.1009294617","108.3250237292","108.788043735","107.2428160625",
"2Q Ene 2020","106.506","105.6635347887","106.0160713755","107.7146005638","104.2357070077","105.2829035573","104.2076656064","109.0583367124","105.460319757","109.1098645161","110.1750526985","115.4543528745","105.8867097161","108.3449848793","108.7041470979","107.5055220014",
"1Q Feb 2020","106.636","105.8919391095","106.2723976733","107.9648909712","104.4983600052","105.4811607191","104.3629343806","109.2975812514","105.6887094706","108.935936252","110.3270589869","114.9804202575","106.547162318","107.9370128035","108.0467508265","107.6805242537",
"2Q Feb 2020","107.141","106.0309215943","106.388138297","108.1010433335","104.5927054521","105.6452372753","104.4873047944","109.398227152","105.9018412274","110.5723791566","114.017994649","122.6433957375","107.0116345265","108.0981861733","108.2034987299","107.8520411801",
"1Q Mar 2020","107.254","106.1960163397","106.5933279619","108.349396063","104.7526524549","105.7670418228","104.6510276627","109.398227152","106.0114109475","110.5234097776","113.9216101432","121.6620743188","107.6340788187","108.0832641726","108.1152805041","108.0084330227",
"2Q Mar 2020","106.422","106.3488906323","106.8187531478","108.6794363018","104.868422232","105.8415834347","104.7911939685","109.398227152","106.04246162","106.6495466578","113.3386535609","117.7726049526","109.7369821838","101.8462999229","99.1088764532","108.2444266328",
"1Q Abr 2020","105.655","106.5622150491","107.2460543105","109.4756061523","104.9090826042","105.8238786893","104.947604468","109.398227152","105.8642169598","102.8522730132","112.4522877362","113.5611623944","111.5515556883","95.9587908127","90.6968779988","108.2573574364",
"2Q Abr 2020","105.854","106.7456390216","107.5191817561","109.9329586697","104.9891090092","105.9104504635","104.99765269","109.398227152","106.0018261264","103.1000149346","113.0088381927","116.0098559725","110.5711299535","95.9847866011","90.7321426827","108.2616892155",
"1Q May 2020","106.167","107.0044889371","107.9016656484","110.8090219048","104.8542328935","106.0358136584","105.0362684726","109.398227152","106.2315927594","103.5775196047","115.7557995405","124.6163814214","108.5584035104","94.8326626026","88.8812874926","108.7426960607",
"2Q May 2020","106.158","106.9402911834","107.8611071281","111.1692654038","104.3935617023","105.9460927935","105.0792038703","109.398227152","106.0035854017","103.74098427","112.7334002501","118.4449124318","108.0939741204","97.2838004753","92.7386737931","107.9070367947",
"1Q Jun 2020","106.495","107.2556949374","108.3231679222","111.2071685459","105.3002160749","106.1031519901","105.0998585975","109.398227152","106.3164168215","104.1424738209","111.6944244389","115.6544286779","108.4777374118","98.719644933","94.7622990285","107.9690726565",
"2Q Jun 2020","106.991","107.4760976026","108.7423000204","111.5900970808","105.7572960249","106.1089879079","105.1642735713","109.4019319589","106.2699355811","105.489762783","112.0302275119","114.0497921416","110.3897476152","100.7932515282","97.7103325331","107.9988982196",
"1Q Jul 2020","107.371","107.7418366622","109.1389919732","111.9460306138","106.1967101395","106.2333380652","105.2297102146","109.4099456364","106.471727055","106.2228192838","111.7345000621","112.8487147869","110.8294303111","102.2650468806","99.7524548799","108.1376793647",
"2Q Jul 2020","107.517","107.8401068056","109.3085745755","112.1334093014","106.3476392405","106.2546126569","105.2736420507","109.4280644587","106.4732549093","106.5192298093","111.9163854474","113.5912724409","110.5558850694","102.6436944693","100.2258231532","108.2949381367",
"1Q Ago 2020","107.777","108.0346183488","109.5947256547","112.3045814032","106.7543089873","106.3501816484","105.3475509886","109.3965963155","106.614952189","106.9817345985","112.7549480426","116.1369609656","110.0077597977","102.8361634441","100.2205963981","108.9494775016",
"2Q Ago 2020","107.956","108.2302893939","109.8700514252","112.4899735544","107.1239013811","106.4598500561","105.4135864363","109.5224633896","106.7605277917","107.1099916676","112.8666305444","117.0305855421","109.4842755734","102.9763222122","100.3682855922","109.0720355511",
"1Q Sep 2020","108.132","108.4089751855","110.0470073627","112.6674872903","107.3002726454","106.6404035588","105.4690421711","110.7414781462","106.836167948","107.2750770799","113.0556548513","117.1211769601","109.7532563091","103.1242178233","100.4412381362","109.3950941375",
"2Q Sep 2020","108.097","108.538473403","110.3376512441","112.8962055752","107.6558257002","106.5959139555","105.547044864","110.7414781462","106.6720242585","106.7323871623","112.6523682346","116.0453623848","109.8962600066","102.4814265828","99.478795074","109.4994188918",
"1Q Oct 2020","108.686","108.6954780968","110.4749254295","113.0866112278","107.7374085429","106.7742215382","105.593558277","110.6919932517","107.0167724227","108.6579779942","113.6633742339","119.2638311158","109.1141576394","105.06375331","103.1765220983","109.4747421677",
"2Q Oct 2020","108.862","108.7714175235","110.5550874928","113.0569089533","107.9327282107","106.8456018142","105.6784537404","110.6919932517","107.0909357574","109.1437181694","115.3206800843","122.0801047386","109.8300411143","104.7082273662","102.6814762175","109.4453134628",
"1Q Nov 2020","108.91","108.655288243","110.2287621621","113.1289053017","107.1888900521","106.956419706","105.7410240139","110.6919932517","107.2684315851","109.6962682834","114.2379161532","118.0702873407","111.1249046669","106.4350473733","105.1319836729","109.4806728524",
"2Q Nov 2020","108.801","108.6283744042","110.1244191338","113.2877370129","106.8086925188","107.0131056093","105.8332977681","110.6919932517","107.3049401583","109.3356729346","113.8371929657","115.7808107487","112.2584042244","106.1032666201","104.6831188145","109.4225505043",
"1Q Dic 2020","109.168","109.1948912866","110.9771345372","113.5450821271","108.285463167","107.2706159954","105.9082174697","110.6919932517","107.780871774","109.0835049731","112.6065290499","111.0989016733","113.8311654724","106.5537272106","105.3309192847","109.4117724267",
"2Q Dic 2020","109.374","109.2785303168","111.0729714757","113.6962575008","108.3232954631","107.3410850313","105.970395313","110.6919932517","107.8735745139","109.6696711771","112.5023038234","109.8611447222","114.6477010766","107.6356427625","106.84591231","109.4814644111",
"1Q Ene 2021","109.936","109.5359261707","111.5072732725","114.2325163365","108.6507279281","107.407476804","106.0827315674","110.698794731","107.9110690331","111.1724853354","112.8525042222","110.5416529473","114.7295944647","109.9661142384","109.9568910348","109.9876714532",
"2Q Ene 2021","110.484","109.7218674209","111.766369693","114.5694207341","108.8282675813","107.5144329399","106.2059837634","110.4421437853","108.079534665","112.8398453113","113.4687175406","111.4515472082","115.1072525644","112.3882710539","113.3186150586","110.2137960809",
"1Q Feb 2021","110.736","109.9617589506","112.1000234498","114.8021231015","109.2677365681","107.6530900634","106.3038233407","110.6051610605","108.2498529635","113.1282581213","112.6862171431","108.7761580916","115.8623340024","113.4456744694","114.7672991409","110.3566667932",
"2Q Feb 2021","111.079","110.1600466456","112.3317582551","114.9689615726","109.5674944146","107.8152651527","106.4093465314","110.6210177135","108.4937144906","113.9195108003","113.142411484","108.4791367644","116.9303607864","114.4775224763","116.2600031399","110.3113650403",
"1Q Mar 2021","111.668","110.5410536994","112.7860909787","115.3911596631","110.0555100186","108.1171030053","106.546872959","110.6214872956","109.0066986495","115.149813625","114.0054465759","109.0158997463","118.0584247015","115.9715492276","118.3317470258","110.4551047532",
"2Q Mar 2021","111.981","110.7669028126","112.9888188834","115.7118851872","110.1345551756","108.3679159221","106.6508113997","110.6214872956","109.4423589249","115.7343954771","114.6989073197","109.3009058557","119.0836706265","116.4779484181","119.0510860277","110.4638038583",
"1Q Abr 2021","112.052","110.9669309953","113.3111477509","116.0004288564","110.4922970132","108.43589693","106.7422624488","110.6219474634","109.5033477126","115.4060954564","116.5308649569","112.8357657969","119.5323712217","114.5984322648","116.2954003277","110.6321417696",
"2Q Abr 2021","112.328","111.1549305538","113.4669891593","116.2990916517","110.4984358967","108.6586174131","106.8389328866","110.6219474634","109.8862721417","115.9537297786","118.1366778557","114.8388911511","120.8154496628","114.3862203373","115.9752062523","110.6723144194",
"1Q May 2021","112.321","111.5206669441","113.9440567001","116.8187911793","110.9308174404","108.9041503565","106.9645362346","110.6280611548","110.2899951287","114.7942117167","119.5517529474","116.8335474344","121.7597345259","111.3779642693","111.6566666092","110.7265587033",
"2Q May 2021","112.517","111.7677788572","114.2388974605","117.3554948657","110.9721423128","109.0997297744","107.0645688284","110.619360123","110.614439638","114.8338298869","119.601587576","117.4060299473","121.3850255007","111.4102463077","111.6682839604","110.8071399137",
"1Q Jun 2021","112.903","112.1637133577","114.7175697056","117.8087599443","111.4774458424","109.406332924","107.143942589","110.6424433245","111.1851211416","115.1883397226","119.756839378","118.309680448","120.9323576542","111.9078373519","112.3274672926","110.9270444414",
"2Q Jun 2021","113.132","112.3985533592","114.9495429548","118.1467660751","111.5982775431","109.6442681373","107.2835431174","110.6696508144","111.5557834645","115.4007281658","119.5083348596","117.4748416587","121.1601288488","112.4511791862","113.1071792405","110.917923",
"1Q Jul 2021","113.547","112.7429991029","115.371082041","118.7376245967","111.8423393792","109.9054767505","107.3938439123","110.6898904081","112.0034097494","116.033169843","119.8971613276","117.8321487309","121.5745583276","113.2585536272","114.2578591474","110.9228962432",
"2Q Jul 2021","113.818","112.8871544825","115.6171498387","119.0949581423","111.9717806423","109.9395980212","107.5028735452","110.8374458169","111.9462908602","116.6936113303","121.1355352913","119.9021014063","122.1374460312","113.5039991636","114.5435337697","111.0743151184",
"1Q Ago 2021","113.794","113.2027014002","116.1602449401","119.5455662957","112.6118187154","110.0094627924","107.6069614269","111.4023094341","111.8816112416","115.6210412243","122.5682345457","122.695060559","122.4652145571","110.6324703849","110.4159676249","111.138498081",
"2Q Ago 2021","114.003","113.3906064259","116.4461701991","119.8828733202","112.843886634","110.0915360732","107.7188565344","111.7120000714","111.8891298065","115.8968731943","123.2425564147","124.3312375647","122.358227429","110.6221587286","110.3680757324","111.2160219807",
"1Q Sep 2021","114.482","113.7403462175","116.9486346589","120.3778905404","113.3541571417","110.2763801326","107.845157571","112.9991150682","111.895742657","116.7758247301","124.3722684691","127.3065987741","121.9887300546","111.3210466685","111.2590535715","111.4659419301",
"2Q Sep 2021","114.72","113.8904399657","117.2318889085","120.6734327567","113.62453139","110.2827014399","107.9387608033","113.0021398485","111.8241375706","117.2850773051","124.8291287131","127.7346881498","122.4689606975","111.8679206025","112.0226981401","111.5061620701",
"1Q Oct 2021","115.34","114.2645792996","117.6658528384","121.0419980206","114.1270448952","110.5922485854","108.0698650957","113.0021398486","112.3592733178","118.665728684","124.0072140263","125.8180203196","122.5363072391","114.8301685109","116.2447362542","111.5239267981",
"2Q Oct 2021","115.781","114.4913495559","117.9103582244","121.2934829688","114.3642344437","110.7998703489","108.198811083","113.0021398486","112.6812640927","119.7680926045","125.6416775602","129.3381882626","122.6390247083","115.5504476827","117.2778223866","111.513088336",
"1Q Nov 2021","116.584","114.6674949865","117.9924927718","121.6379251412","114.1714233779","111.0775186579","108.3284152083","113.0021398486","113.1504362545","122.5060976157","128.3658779205","133.8483818782","123.9124737591","118.298365399","121.1685905642","111.5898438656",
"2Q Nov 2021","117.184","114.9306324339","118.3213407689","121.9609412428","114.5063842514","111.2697088947","108.4529705614","113.0021398486","113.4438172617","124.1486532261","132.468550398","141.6319808519","125.0251523393","118.174384986","120.9753686719","111.627700217",
"1Q Dic 2021","117.301","115.6057016029","119.0310706697","122.5089249295","115.3856533031","111.9073551194","108.5873799067","113.0021398486","114.6683502895","122.5416501034","130.9578236536","136.7002724587","126.2932678955","116.498248688","118.4679503925","111.8945031492",
"2Q Dic 2021","117.314","115.8357091078","119.441798176","123.1569260521","115.5476753442","111.9422405312","108.6678385391","113.0021398486","114.6694963575","121.8832117706","129.6790836837","132.2846167546","127.5626252351","116.2852303278","118.1007173743","112.0419277139",
"1Q Ene 2022","117.77","116.2316220403","120.1845717552","124.1341336762","116.0447198402","111.9636505043","108.816701994","113.3828563616","114.5008189474","122.523675874","130.3871567752","132.2476871279","128.8758594412","116.8771464476","118.5646159116","112.9330568434",
"2Q Ene 2022","118.234","116.6338205395","120.6463562812","124.7107388729","116.3861516326","112.3015143965","109.0153675087","113.8050130796","114.9464003273","123.178621733","130.6100363908","130.6907041872","130.5445104372","117.8423460973","119.7884389376","113.2937810983",
"1Q Feb 2022","118.733","117.1297949802","121.326394481","125.3697215115","117.0882598512","112.598756513","109.1862841077","114.1410031618","115.349308172","123.6862653194","130.4849481482","128.9131233979","131.7617317015","118.8043354036","120.9408128646","113.8107881282",
"2Q Feb 2022","119.229","117.5033752847","121.8275683815","126.0030025805","117.4509616565","112.8345749244","109.3080947846","114.1411888506","115.7371892473","124.5619239365","131.8564918726","130.9173473754","132.6193531573","119.323913821","121.5714083783","114.0708884427",
"1Q Mar 2022","119.805","117.9201924609","122.4189040468","126.7499591823","117.8791785646","113.062965736","109.4377882999","114.1417707745","116.1022128544","125.6295226528","132.1675239428","130.9358489391","133.1680059541","120.9347803195","123.7800881357","114.284497622",
"2Q Mar 2022","120.513","118.3915464509","122.9867735899","127.6431341377","118.1060694723","113.4301125737","109.5555550207","114.1417707745","116.7709124062","127.0716967385","133.4110958326","131.8103316789","134.7113866849","122.5195646763","126.0253337759","114.3255986484",
"1Q Abr 2022","120.703","118.9156129089","123.6585643174","128.3886988047","118.7005318299","113.7946821944","109.6625324882","114.1417707745","117.4438915256","126.2275566858","134.2845869931","132.3097455781","135.8887384982","120.442045245","123.0127048508","114.4336924752",
"2Q Abr 2022","120.916","119.2328714369","124.2690448553","129.192744295","119.108121451","113.7953510155","109.8034704941","114.1417707745","117.3183563421","126.1168037072","134.0714784193","131.4262515932","136.2201798605","120.4047907446","122.9744480348","114.3987806677",
"1Q May 2022","120.838","119.5994245421","124.7090149749","129.93241609","119.233950261","114.0826362951","109.9590114042","114.1478845104","117.7832220381","124.6655605419","134.7008626347","131.746905014","137.1003441968","117.4595115565","118.7182119652","114.5175755375",
"2Q May 2022","121.206","119.9486272878","125.2231719445","130.6300510126","119.5557893051","114.2537391451","110.1523225022","114.2740245116","117.9437425483","125.092734083","135.7380344888","132.6665644717","138.2329706459","117.4486636326","118.6768004478","114.5781633072",
"1Q Jun 2022","121.804","120.5423917954","126.0188193171","131.5984985794","120.1703109657","114.6295321672","110.3300016944","114.3053585647","118.5701575275","125.7029034669","136.8930291282","134.0348574693","139.214704344","117.6676103665","118.8864243543","114.8189001043",
"2Q Jun 2022","122.285","120.8503596886","126.4170685675","132.2916364697","120.259463834","114.8400239247","110.4719291898","114.3125979566","118.8849950552","126.7193837825","138.3006730882","135.6903836078","140.4209951389","118.4032078191","119.357539533","116.172666839",
"1Q Jul 2022","122.809","121.2638635377","126.8924610471","132.9323022929","120.5616200962","115.186707062","110.6062797154","114.3342655745","119.4910333308","127.5843336713","139.9908496795","138.2221451209","141.4275574871","118.6755872016","119.6880290253","116.3092265906",
"2Q Jul 2022","123.088","121.6307905042","127.3672654675","133.6524901114","120.7792185401","115.4371595131","110.7870004184","114.4413992895","119.8343250472","127.589848724","139.7216579668","137.935152991","141.1728249436","118.8783609306","119.8175251085","116.6832707379",
"1Q Ago 2022","123.603","122.2236779314","128.2787111513","134.7583062752","121.4869289692","115.6861018691","110.9448307109","115.5567909801","119.983784461","127.8678409095","140.3445969123","140.2066256136","140.4566701475","118.9086572095","119.8132525626","116.7943640596",
"2Q Ago 2022","124.002","122.6109090878","128.8757294373","135.642095867","121.7833593005","115.8468273621","111.0920260801","115.7752578584","120.1445981503","128.299841959","142.096497807","144.3083776452","140.2998014521","118.3928778282","118.9448050977","117.1028689407",
"1Q Sep 2022","124.507","123.1469728798","129.5232207366","136.3572263328","122.3599525767","116.2625836713","111.1975474399","118.0716102448","120.4457437674","128.7121897401","143.3201820581","145.9924374846","141.1495254514","118.2226292618","118.6513146031","117.2206713393",
"2Q Sep 2022","124.635","123.3313780381","130.0381925513","136.9556339002","122.787468702","116.0900783749","111.3794241698","118.0716102448","119.9178916561","128.6656499607","143.3911289101","145.2132470468","141.9110335823","118.0917258615","118.3806699249","117.4163825138",
"1Q Oct 2022","125.182","123.8551842406","130.7241677061","137.8275981861","123.2784937645","116.4387919194","111.4722851599","118.0716102448","120.5701254211","129.2809806083","142.7261008477","143.9392958207","141.7406300513","119.6264436384","120.5481704389","117.4721094892",
"2Q Oct 2022","125.371","124.1712534517","131.1078240864","138.312694691","123.5558226325","116.6818877473","111.5910958985","118.0716102448","120.9761047655","129.0784748433","142.4943187217","143.4556407848","141.7134427371","119.4449603488","120.2122245782","117.6516485669",
"1Q Nov 2022","126.069","124.5989938362","131.5636398822","138.7904118813","123.9886818239","117.079315311","111.6846983919","118.0716102448","121.7304698653","130.6128452132","141.964100262","142.429630527","141.5859528981","122.4618499397","124.4371496239","117.8450203519",
"2Q Nov 2022","125.926","124.5490485145","131.3974598385","139.1355835188","123.2865131621","117.1548677874","111.8343090903","118.0716102448","121.7551469113","130.1799456997","142.0658505375","142.5287311571","141.6898554641","121.645034473","123.2488580067","117.8964488768",
"1Q Dic 2022","126.417","125.2594887835","132.2152197145","139.8190089577","124.2450797118","117.7494358442","112.0005374297","118.0716102449","122.8601136171","129.9953639277","142.54536964","143.5785689438","141.706108216","120.9835818116","122.2522524988","118.0183424543",
"2Q Dic 2022","126.539","125.4982582524","132.6940236177","140.5758604648","124.4324396703","117.7290418512","112.1429123114","118.0716102449","122.6888361966","129.7541904144","142.9084429363","144.8200057155","141.3556922769","120.3085168152","121.2102911151","118.2008172581",
"1Q Ene 2023","127.116","126.0502232164","133.4269298921","141.624853061","124.834030576","118.0856457764","112.4798358843","118.4791270798","123.0524987835","130.4116468612","143.409631133","145.4388100679","141.7613415954","121.0781847983","121.86932694","119.2290636358",
"2Q Ene 2023","127.556","126.4999459111","133.8840722292","142.2663982602","125.0978855165","118.5273575361","112.7212538257","118.8782738049","123.6835392459","130.8205672238","143.500530602","144.2498148512","142.8918916263","121.7154664116","122.4975012028","119.8876316827",
"1Q Feb 2023","127.942","126.9458189384","134.4171996332","142.7476477914","125.6853902705","118.879022637","112.8920808681","119.5946427825","124.1216723423","131.020093852","143.1552695737","140.5214413189","145.2947120257","122.3061886912","123.1290410562","120.3829518398",
"2Q Feb 2023","128.151","127.1472058034","134.6315684691","143.0720979661","125.7843740458","119.066392961","113.0978254243","119.707770117","124.3080488893","131.2530350666","143.5549935702","140.4096043503","146.1099738399","122.4193682001","123.018408744","121.0192423713",
"1Q Mar 2023","128.341","127.529720488","134.9772522248","143.4851465633","126.0594473204","119.488673736","113.2687360628","119.707770117","125.0452272364","130.8467760399","142.8850237332","140.0663782218","145.1745921033","122.2024719846","122.5038657962","121.4980300826",
"2Q Mar 2023","128.437","127.8950674252","135.2716595525","143.8408544105","126.2896006678","119.9306136623","113.4699001782","119.707770117","125.7966413936","130.1136155938","141.9159169209","137.9796947498","145.1132859209","121.6387375367","121.6440048717","121.6264262969",
"1Q Abr 2023","128.229","128.1307763979","135.6935381818","144.2841665101","126.6890131616","119.9653165882","113.6706383903","119.707770117","125.6890633875","128.5310899024","141.8193421353","136.0521286996","146.5040140503","118.9891951359","117.6790130404","122.0514583014",
"2Q Abr 2023","128.498","128.281660338","135.8950732499","144.5756904187","126.7962237247","120.0615128676","113.8412755077","119.707770117","125.7383651683","129.166625332","142.980321862","137.5269519058","147.4100606536","119.2474247994","117.9420678186","122.2984103183",
"1Q May 2023","128.09","128.5136119674","136.1307273497","145.0063220181","126.827506304","120.2894669661","114.0220846553","119.7487066228","126.0479703746","126.7799375619","142.2324949604","136.9497876883","146.523605506","115.683920269","112.747497446","122.5471643022",
"2Q May 2023","128.078","128.7286476512","136.4050185535","145.3612400986","127.0172860262","120.4405248889","114.1773307927","119.8188716897","126.212205608","126.068497054","141.5987208794","137.3217094574","145.0729108867","114.9167098329","111.6424316869","122.5696165509",
"1Q Jun 2023","128.109","128.8751462978","136.5162814877","145.6348469537","126.9583833052","120.6250672822","114.362819967","119.8247878394","126.4333233543","125.7415843734","141.2531606509","138.9486866864","143.1250706436","114.6031873963","111.1346869513","122.7100461216",
"2Q Jun 2023","128.319","129.140091451","136.7816607649","145.9455876817","127.1762156157","120.8895437146","114.5232986929","119.8735805395","126.8366661776","125.7825913452","141.9034096652","141.5003290212","142.2308295871","114.2067159582","110.5514917129","122.7500005954",
"1Q Jul 2023","128.695","129.4560415761","137.028615987","146.2571230817","127.3554791853","121.2799871432","114.6737354113","119.9677274278","127.5053739508","126.3415615454","143.5139734426","145.9475976245","141.5371555247","114.0105683991","110.2049205103","122.9054352969",
"2Q Jul 2023","128.97","129.5667662596","137.1147570964","146.4292354085","127.3515069818","121.4172545357","114.8229180162","120.0605901484","127.6412132548","127.126204643","145.0335726089","149.9324758078","141.0542237457","114.2674616209","110.5612209751","122.9299859003",
"1Q Ago 2023","129.38","129.8140605898","137.337702938","146.5472287756","127.6844619108","121.690837755","114.944438645","121.73972268","127.7572538861","128.0387966588","145.93651066","152.3430159259","140.7325459332","115.1869858586","111.8248610468","123.0452148826",
"2Q Ago 2023","129.711","129.9134849341","137.462962323","146.662797938","127.8198783936","121.7623681906","115.0618904943","122.2928444814","127.6865122759","129.0837649583","147.6335347794","155.3670661395","141.3516349383","115.7637324609","112.6227635223","123.1050581578",
"1Q Sep 2023","130.033","130.2601465756","137.7499473916","146.8977495947","128.1614038452","122.173462201","115.1769728798","125.8455425928","127.7059611191","129.3329090775","148.4329665875","156.1887202838","142.1330156797","115.6177315205","112.3587823463","123.2348101307",
"2Q Sep 2023","130.206","130.4071636964","137.8958137352","147.11096759","128.2366735328","122.3217218077","115.3638787443","125.864071815","127.8465938583","129.5852250615","147.5908178465","154.6612378174","141.8475592982","116.6559497474","113.7483807942","123.4517541914",
"1Q Oct 2023","130.522","130.7212873247","138.1990536862","147.5385030578","128.4096294058","122.6475964647","115.5469757958","125.864071815","128.3693536475","129.9044227052","145.0564835389","151.1489592246","140.1076031037","119.0241829689","117.1356097923","123.438308375",
"2Q Oct 2023","130.696","130.9522541163","138.3877056178","147.805375472","128.51629219","122.924250308","115.6953470905","125.864071815","128.8195231453","129.90555222","144.7898737518","149.9629511101","140.5878149094","119.2175680338","117.3789057271","123.5150377331",
"1Q Nov 2023","131.514","131.2103593123","138.5687215729","148.206371951","128.4667289541","123.2655882059","115.8879717362","125.864071815","129.3663326322","132.4507211658","146.27648927","150.9977596164","142.4414304776","122.5228523983","122.0784785195","123.5614788345",
"2Q Nov 2023","131.376","131.1546889389","138.4017684916","148.5584969469","127.7556886005","123.3300689765","115.9996348078","125.864071815","129.4018259309","132.061979908","145.850529511","149.8793931192","142.5779084429","122.1608366283","121.5504689895","123.587437056",
"1Q Dic 2023","132.058","131.7642689734","138.8513678943","148.8449951777","128.3762473937","124.112378955","116.1011914971","125.864071815","130.9612282839","132.9655277875","147.9641271126","154.8489229641","142.371649892","122.1954841506","121.5375309099","123.7333054815",
"2Q Dic 2023","132.688","131.7512891356","139.0055000529","149.0753745752","128.4504587194","123.9189694899","116.2104047979","125.864071815","130.4547128123","135.5819339287","153.6503775267","167.2419858608","142.6099978786","122.6075273336","122.0637310948","123.878531721",
"1Q Ene 2024","133.34","132.0782161106","139.3637566687","149.597029113","128.6374448971","124.2120700757","116.5552413762","126.1926682413","130.6937758687","137.2406488392","157.3671087422","175.5252829437","142.6173357961","122.7884425556","122.0641061943","124.4814198649",
"2Q Ene 2024","133.77","132.5042259501","139.6209543703","150.0218488777","128.7189445005","124.820345173","116.8497803849","126.9024386797","131.563374662","137.683569211","157.5241216064","177.2637037335","141.4897807529","123.4366645204","122.8166941433","124.8857092419",
"1Q Feb 2024","133.639","132.8224885592","139.9192734523","150.2852045559","129.053911524","125.1601406659","117.1091485645","127.2801163171","131.9676755815","136.1628382832","151.3070017942","164.5016289213","140.5890875328","125.2882693771","125.3017493863","125.2567628136",
"2Q Feb 2024","133.723","133.0683274427","140.1845388575","150.5403421899","129.3297926566","125.3850048727","117.3126699129","127.3195888042","132.2506095983","135.7458481752","149.0890485356","158.5595720688","141.3962006621","126.1644968089","126.4493361326","125.4987473898",
"1Q Mar 2024","134.085","133.5082629853","140.3262801645","150.7813061688","129.3675307409","126.1468985989","117.5848963163","127.3195888042","133.613201658","135.8656495871","149.5917009916","156.5121001613","143.9703034151","126.0093843864","126.1467891414","125.6882309213",
"2Q Mar 2024","134.046","133.5397718508","140.4054318907","150.9407031469","129.3625709969","126.1269678083","117.7323027304","127.3195888042","133.4383696811","135.6110755358","149.2136845486","155.5823349564","144.0404690896","125.8434506084","125.9253301222","125.6520752109",
"1Q Abr 2024","134.169","133.7556660531","140.7426782413","151.2760950432","129.7017611494","126.2118389642","117.9152439465","127.3195888042","133.4526898859","135.4446615867","151.7219272449","160.8458199807","144.3106454309","123.7564460656","122.8418756935","125.8940536335",
"2Q Abr 2024","134.504","133.8503984816","140.8193765425","151.4070212367","129.721618857","126.3260427109","118.0752654898","127.3195888042","133.5495538242","136.5221185048","154.018022424","163.5444492711","146.2797646332","123.9588354547","123.0984232983","125.969860077",
"1Q May 2024","134.218","134.0517621552","140.9695990398","151.6965519199","129.7258212965","126.5826231468","118.3552324623","127.3262116754","133.8374438206","134.7335179604","154.6824126338","164.3275014888","146.8477664255","120.4088159345","118.0017933624","126.0347030434",
"2Q May 2024","133.955","134.0189315087","140.7887728946","151.7223996674","129.3283637052","126.7095821818","118.5475933139","127.4404235444","133.9081646746","133.75928778","153.0964515495","160.8267847164","146.8171495809","119.8738513406","117.1880485261","126.1513260956",
"1Q Jun 2024","134.236","134.2445222078","141.0581186536","151.8687091569","129.7266736244","126.8879308557","118.7751272298","127.444762246","134.078671788","134.2102250342","153.9550220181","162.9591506204","146.6410238711","120.0320794283","117.2736719056","126.4792517576",
"2Q Jun 2024","134.952","134.4141047179","141.2108416261","152.0073777141","129.8941281542","127.0757164879","118.9669333075","127.4749100271","134.2958664759","136.6147090334","158.5489471405","172.8181092755","146.9581947176","120.8643915249","118.4264579484","126.562526324",
"1Q Jul 2024","135.911","134.65801531","141.2451010371","152.1445323403","129.820534856","127.5459859607","119.2108515078","127.5301050591","135.0569884051","139.7818633364","164.0863690048","183.4452975252","148.361230729","122.3295278919","120.3040129522","127.0637246212",
"2Q Jul 2024","136.095","134.848027876","141.3596464531","152.3468402848","129.8430893425","127.817479869","119.3774279623","127.772236359","135.4291366677","139.9499485084","164.0516040567","182.1147225793","149.3790442526","122.6432736417","120.7026599603","127.1790323088",
"1Q Ago 2024","136.056","134.9862938627","141.5561232413","152.6128070674","129.9844089121","127.9039293528","119.522547765","129.2144436621","135.2555483279","139.3022171827","161.9173574803","176.5485960245","149.5673086345","122.945044548","120.9434446193","127.5965813672",
"2Q Ago 2024","135.971","135.1199920556","141.5453245732","152.7140250821","129.8929990438","128.161321258","119.6836940928","129.6891688905","135.58421156","138.4698256934","159.3962079309","169.9731119059","149.7899105676","123.1927623959","121.2670721149","127.7048861522",
"1Q Sep 2024","136.091","135.4012846551","141.7930746193","152.7007181583","130.3229733429","128.4687400451","119.8731897677","133.1232314265","135.5688978729","138.0362845528","158.0751597195","167.3590441304","149.3521903302","123.3268023142","121.2603209291","128.1019694723",
"2Q Sep 2024","136.07","135.4654323496","141.890823387","152.8197923048","130.4028459375","128.503139591","120.0087164786","133.1533420631","135.4922905295","137.7221209892","157.9527813671","167.2634157017","149.213936319","122.8960114964","120.4996254045","128.2819357176",
"1Q Oct 2024","136.649","135.7772102107","142.1924680666","153.1890307202","130.6480370379","128.8204654057","120.1670434227","133.1533420631","136.0257566191","139.2157478677","159.0639472897","170.5107970133","148.8829089524","124.6094112257","123.2147906274","128.1438068076",
"2Q Oct 2024","137.007","135.8477943859","142.1719734507","153.4019534606","130.4595160879","128.9691573118","120.2909870541","133.1533420631","136.221030096","140.555868377","162.4378091255","178.4763700725","149.141044159","124.6437877601","123.2507903371","128.1754213563",
"1Q Nov 2024","137.51","135.9083563894","141.9774014889","153.6152569921","129.9753574214","129.2499362023","120.4747356571","133.1533422082","136.6450634284","142.5737558157","162.8469630896","178.440872275","149.8401286569","127.6490868643","127.8664829922","128.20617592",
"2Q Nov 2024","137.339","135.8428133187","141.6187055747","153.7081673881","129.2996576169","129.438822744","120.5900462911","133.1533422082","136.9394464941","142.0414714042","160.6566244436","173.0154608643","149.8419721085","128.1730650531","128.5635753675","128.4119100038",
"1Q Dic 2024","137.921","136.5277747122","142.2448944297","154.1819917279","130.019994178","130.1675760083","120.7499798742","133.1533422082","138.3884769011","142.2690905269","160.8129365119","172.2368262137","150.6191856465","128.4424103535","128.7179792465","128.8972079113",
"2Q Dic 2024","137.977","136.6071290279","142.4873987548","154.4651274807","130.2270128279","130.1048878902","120.8763044794","133.1533422082","138.109833902","142.2453239532","160.6190504177","169.324531847","152.2409922879","128.526562738","128.839791473","128.911903625",
"1Q Ene 2025","138.257","136.986363311","143.1921512379","155.3228316496","130.8034592768","130.1984341587","121.1332950162","133.4233973305","137.9971668594","142.1837327063","159.0341885271","164.7982623373","152.6428009976","129.4290573967","129.899642387","129.5283337815",
"2Q Ene 2025","138.429","137.2816498469","143.4478611647","155.6660248907","130.989518048","130.5249252629","121.2973636212","133.7915059187","138.4919713883","141.9358692715","157.6048999967","160.7317563261","152.9948619305","129.9318793558","130.5041627948","129.8456677454",
"1Q Feb 2025","138.631","137.6469538826","143.7515375016","155.8629803777","131.3625582302","130.9397973372","121.5343635364","134.5231785106","139.051524356","141.5769475348","156.3219241452","154.2246355407","155.2158086248","130.1625455676","130.5448338459","130.4316815305",
"2Q Feb 2025","138.822","137.9383618128","144.0530558965","156.3252595025","131.5403523071","131.2194409898","121.6883537559","134.6659085656","139.4852739486","141.4219354042","155.756280009","150.9388028963","156.4730004669","130.2694688102","130.6165221683","130.604987843",
"1Q Mar 2025","139.012","138.2636707219","144.4178907398","156.9046442658","131.7410179489","131.5071732189","121.8603759071","134.7683135085","139.9230175228","141.1497029375","155.9034301028","150.7633518654","156.8328976577","129.736078157","129.694458486","130.7909580194",
"2Q Mar 2025","139.31","138.5085270662","144.6758504137","157.3508655403","131.8564995502","131.7381559427","122.0223694238","134.7683135085","140.2599398071","141.6264520212","157.4604367812","154.2049321665","157.1083581584","129.5227303179","129.2302454091","131.0429010215",
"1Q Abr 2025","139.484","138.977418646","145.3607045476","157.8730227704","132.6414752483","132.0152635489","122.2310975604","134.7683135085","140.6483269404","140.7941962314","158.4117274393","156.4424414764","157.1867797319","127.5750159119","126.0612921284","131.3534231368",
"2Q Abr 2025","139.756","139.1535708887","145.7221558252","158.1982596635","133.0199147491","132.0292005072","122.3557048249","134.7683135085","140.5424173417","141.3895934927","159.9662244491","159.9966597347","157.382992382","127.5551729404","125.9551863251","131.4939788588",
"1Q May 2025","139.878","139.3742954931","145.915644819","158.4720141319","133.1505415046","132.2712182104","122.538181437","134.7733565777","140.8807028131","141.174551995","163.643777989","162.3277045683","161.8994531737","124.8819885031","121.7582504291","131.636587033",
"2Q May 2025","140.146","139.5778090146","146.1970132368","158.9932968509","133.2515411905","132.4052368178","122.724091846","134.8708862326","140.9611534382","141.6632292298","164.9465897456","162.9617394934","163.6273201201","124.8486643913","121.6707127527","131.703911511",
"1Q Jun 2025","140.292","139.8862720001","146.4784030471","159.1862650118","133.5896462554","132.7339452225","122.9241977863","134.8839159994","141.4722013981","141.2532706164","164.0650795452","160.1643109183","164.0374335875","124.7429265486","121.39173551","131.9198017976",

"Fuente: INEGI. Índices de precios. ",
"Atención a usuarios: atencion.usuarios@inegi.org.mx",
"Fecha de consulta: 06/07/2025 18:43:04",